"STATION","DATE","LATITUDE","LONGITUDE","ELEVATION","NAME","TEMP","TEMP_ATTRIBUTES","DEWP","DEWP_ATTRIBUTES","SLP","SLP_ATTRIBUTES","STP","STP_ATTRIBUTES","VISIB","VISIB_ATTRIBUTES","WDSP","WDSP_ATTRIBUTES","MXSPD","GUST","MAX","MAX_ATTRIBUTES","MIN","MIN_ATTRIBUTES","PRCP","PRCP_ATTRIBUTES","SNDP","FRSHTT"
"72243012960","2018-01-01","29.98","-95.36","29.0","HOUSTON INTERCONTINENTAL AIRPORT, TX US","  37.5","24","  22.4","24","1035.7","22","031.7","24"," 10.0","24"," 14.8","24"," 18.1"," 24.1","  52.0"," ","  30.0"," "," 0.01","G","999.9","000000"
"72243012960","2018-01-02","29.98","-95.36","29.0","HOUSTON INTERCONTINENTAL AIRPORT, TX US","  31.4","24","  11.7","24","1035.7","24","031.5","24"," 10.0","24","  7.8","24"," 12.0","999.9","  41.0"," ","  28.9"," "," 0.00","G","999.9","000000"
"72243012960","2018-01-03","29.98","-95.36","29.0","HOUSTON INTERCONTINENTAL AIRPORT, TX US","  33.2","24","  14.5","24","1031.0","22","027.3","24","  9.9","24","  7.9","24"," 11.1","999.9","  48.0"," ","  25.0"," "," 0.00","G","999.9","001000"
"72243012960","2018-01-04","29.98","-95.36","29.0","HOUSTON INTERCONTINENTAL AIRPORT, TX US","  37.9","24","  22.0","24","1028.1","24","024.1","24","  9.8","24","  1.8","24","  6.0","999.9","  55.0"," ","  25.0"," "," 0.00","G","999.9","000000"
"72243012960","2018-01-05","29.98","-95.36","29.0","HOUSTON INTERCONTINENTAL AIRPORT, TX US","  45.6","24","  29.7","24","1028.5","24","024.5","24"," 10.0","24","  4.2","24","  8.0","999.9","  57.0"," ","  26.2"," "," 0.00","G","999.9","000000"
"72243012960","2018-01-06","29.98","-95.36","29.0","HOUSTON INTERCONTINENTAL AIRPORT, TX US","  46.5","24","  38.0","24","1027.8","24","023.8","24","  9.9","24","  5.1","24","  9.9","999.9","  66.0"," ","  33.1"," "," 0.00","G","999.9","000000"
"72243012960","2018-01-07","29.98","-95.36","29.0","HOUSTON INTERCONTINENTAL AIRPORT, TX US","  55.1","24","  50.5","24","1021.0","23","017.0","24","  8.5","24","  7.8","24"," 13.0","999.9","  69.1"," ","  33.1"," "," 0.00","G","999.9","000000"
"72243012960","2018-01-08","29.98","-95.36","29.0","HOUSTON INTERCONTINENTAL AIRPORT, TX US","  61.6","24","  54.0","24","1015.6","22","011.3","24","  9.2","24","  9.0","24"," 14.0"," 22.0","  69.1"," ","  44.1"," "," 0.33","G","999.9","010010"
"72243012960","2018-01-09","29.98","-95.36","29.0","HOUSTON INTERCONTINENTAL AIRPORT, TX US","  50.0","24","  45.2","24","1020.1","22","016.4","24","  8.2","24","  5.0","24"," 11.1","999.9","  66.0"," ","  44.1"," "," 0.09","G","999.9","000000"
"72243012960","2018-01-10","29.98","-95.36","29.0","HOUSTON INTERCONTINENTAL AIRPORT, TX US","  55.1","24","  52.3","24","1016.4","17","012.2","24","  6.6","24","  6.2","24"," 15.0","999.9","  63.0"," ","  44.1"," "," 0.00","G","999.9","010000"
"72243012960","2018-01-11","29.98","-95.36","29.0","HOUSTON INTERCONTINENTAL AIRPORT, TX US","  62.0","24","  60.2","24","1009.1","21","005.2","24","  7.7","24","  6.7","24"," 19.0"," 31.1","  69.1"," ","  52.0"," "," 0.01","G","999.9","110110"
"72243012960","2018-01-12","29.98","-95.36","29.0","HOUSTON INTERCONTINENTAL AIRPORT, TX US","  41.2","24","  24.4","24","1020.2","24","016.5","24"," 10.0","24"," 16.3","24"," 22.0"," 33.0","  54.0","*","  32.0","*"," 0.96","G","999.9","000000"
"72243012960","2018-01-13","29.98","-95.36","29.0","HOUSTON INTERCONTINENTAL AIRPORT, TX US","  39.9","24","  22.1","24","1031.1","24","027.3","24"," 10.0","24","  6.7","24","  9.9"," 17.1","  53.1"," ","  30.0"," "," 0.00","G","999.9","000000"
"72243012960","2018-01-14","29.98","-95.36","29.0","HOUSTON INTERCONTINENTAL AIRPORT, TX US","  39.9","24","  26.0","24","1034.2","24","030.0","24"," 10.0","24","  5.1","24","  9.9","999.9","  55.0"," ","  28.0"," "," 0.00","G","999.9","000000"
"72243012960","2018-01-15","29.98","-95.36","29.0","HOUSTON INTERCONTINENTAL AIRPORT, TX US","  46.5","24","  38.7","24","1028.5","24","024.4","24"," 10.0","24","  5.1","24"," 14.0","999.9","  66.9"," ","  28.2"," "," 0.00","G","999.9","000000"
"72243012960","2018-01-16","29.98","-95.36","29.0","HOUSTON INTERCONTINENTAL AIRPORT, TX US","  39.9","24","  35.1","24","1030.1","14","028.9","24","  6.6","24"," 13.8","24"," 24.1"," 31.1","  66.9"," ","  25.0"," "," 0.17","G","999.9","111000"
"72243012960","2018-01-17","29.98","-95.36","29.0","HOUSTON INTERCONTINENTAL AIRPORT, TX US","  26.8","24","  13.5","24","1039.8","24","035.7","24"," 10.0","24","  9.8","24"," 15.0"," 19.0","  37.9","*","  19.0","*"," 0.18","G","999.9","000000"
"72243012960","2018-01-18","29.98","-95.36","29.0","HOUSTON INTERCONTINENTAL AIRPORT, TX US","  29.3","24","  16.6","24","1035.6","24","031.3","24"," 10.0","24","  4.3","24","  6.0","999.9","  39.0"," ","  19.9"," "," 0.00","G","999.9","000000"
"72243012960","2018-01-19","29.98","-95.36","29.0","HOUSTON INTERCONTINENTAL AIRPORT, TX US","  42.8","24","  31.2","24","1026.8","24","022.5","24","  9.6","24","  6.1","24"," 14.0"," 17.1","  57.0"," ","  21.2"," "," 0.00","G","999.9","010000"
"72243012960","2018-01-20","29.98","-95.36","29.0","HOUSTON INTERCONTINENTAL AIRPORT, TX US","  57.1","24","  56.2","24","1019.2","19","015.2","24","  3.3","24","  6.2","24"," 12.0","999.9","  72.0","*","  51.1","*"," 0.07","G","999.9","110000"
"72243012960","2018-01-21","29.98","-95.36","29.0","HOUSTON INTERCONTINENTAL AIRPORT, TX US","  68.3","24","  64.8","24","1015.5","18","011.6","24","  8.8","24"," 11.3","24"," 21.0"," 28.0","  75.0"," ","  52.0"," "," 0.02","G","999.9","010000"
"72243012960","2018-01-22","29.98","-95.36","29.0","HOUSTON INTERCONTINENTAL AIRPORT, TX US","  65.1","24","  49.3","24","1015.0","22","010.8","24","  8.1","24"," 10.3","24"," 17.1"," 22.9","  75.0"," ","  57.0"," "," 0.60","G","999.9","010010"
"72243012960","2018-01-23","29.98","-95.36","29.0","HOUSTON INTERCONTINENTAL AIRPORT, TX US","  51.0","24","  29.5","24","1022.7","24","018.9","24"," 10.0","24","  5.0","24"," 12.0","999.9","  70.0"," ","  37.9"," "," 0.08","G","999.9","000000"
"72243012960","2018-01-24","29.98","-95.36","29.0","HOUSTON INTERCONTINENTAL AIRPORT, TX US","  51.2","24","  26.1","24","1028.7","24","024.9","24"," 10.0","24","  4.5","24"," 12.0","999.9","  66.0"," ","  37.9"," "," 0.00","G","999.9","000000"
"72243012960","2018-01-25","29.98","-95.36","29.0","HOUSTON INTERCONTINENTAL AIRPORT, TX US","  46.5","24","  32.4","24","1030.6","24","026.6","24"," 10.0","24","  3.3","24"," 14.0"," 17.1","  66.0"," ","  33.1"," "," 0.00","G","999.9","000000"
"72243012960","2018-01-26","29.98","-95.36","29.0","HOUSTON INTERCONTINENTAL AIRPORT, TX US","  54.7","24","  47.0","24","1025.7","22","021.7","24"," 10.0","24","  8.0","24"," 15.9","999.9","  70.0"," ","  33.1"," "," 0.00","G","999.9","010000"
"72243012960","2018-01-27","29.98","-95.36","29.0","HOUSTON INTERCONTINENTAL AIRPORT, TX US","  61.8","24","  61.0","24","1021.5","16","017.5","24","  4.4","24","  5.5","24"," 12.0","999.9","  70.0"," ","  44.1"," "," 0.23","G","999.9","010000"
"72243012960","2018-01-28","29.98","-95.36","29.0","HOUSTON INTERCONTINENTAL AIRPORT, TX US","  62.7","24","  59.4","24","1022.5","19","018.6","24","  7.0","24","  6.4","24"," 11.1","999.9","  70.0"," ","  57.9"," "," 0.49","G","999.9","110000"
"72243012960","2018-01-29","29.98","-95.36","29.0","HOUSTON INTERCONTINENTAL AIRPORT, TX US","  55.8","24","  38.2","24","1027.8","24","024.0","24"," 10.0","24","  7.8","24"," 15.9"," 24.1","  70.0"," ","  43.0"," "," 0.00","G","999.9","000000"
"72243012960","2018-01-30","29.98","-95.36","29.0","HOUSTON INTERCONTINENTAL AIRPORT, TX US","  49.8","24","  30.1","24","1031.5","24","027.3","24"," 10.0","24","  6.6","24"," 12.0","999.9","  66.9"," ","  37.9"," "," 0.00","G","999.9","000000"
"72243012960","2018-01-31","29.98","-95.36","29.0","HOUSTON INTERCONTINENTAL AIRPORT, TX US","  52.2","24","  40.7","24","1023.2","24","018.9","24","  9.8","24","  5.8","24"," 12.0"," 18.1","  71.1"," ","  35.1"," "," 0.00","G","999.9","000000"
"72243012960","2018-02-01","29.98","-95.36","29.0","HOUSTON INTERCONTINENTAL AIRPORT, TX US","  64.6","24","  56.5","24","1015.9","24","012.2","24"," 10.0","24","  5.2","24","  9.9"," 18.1","  79.0","*","  54.0","*"," 0.00","G","999.9","100000"
"72243012960","2018-02-02","29.98","-95.36","29.0","HOUSTON INTERCONTINENTAL AIRPORT, TX US","  59.0","24","  39.9","24","1025.6","23","021.9","24"," 10.0","24"," 11.7","24"," 22.0"," 28.0","  79.0"," ","  51.1"," "," 0.00","G","999.9","000000"
"72243012960","2018-02-03","29.98","-95.36","29.0","HOUSTON INTERCONTINENTAL AIRPORT, TX US","  49.4","24","  35.8","24","1024.1","20","019.0","24","  9.1","24","  7.4","24"," 11.1","999.9","  62.1"," ","  44.1"," "," 0.00","G","999.9","010000"
"72243012960","2018-02-04","29.98","-95.36","29.0","HOUSTON INTERCONTINENTAL AIRPORT, TX US","  59.4","24","  58.5","24","1013.5","22","009.8","24","  1.7","24","  4.5","24"," 11.1","999.9","  68.0"," ","  46.9"," "," 0.04","G","999.9","110000"
"72243012960","2018-02-05","29.98","-95.36","29.0","HOUSTON INTERCONTINENTAL AIRPORT, TX US","  57.0","24","  52.3","24","1019.8","18","016.0","24","  9.2","24","  8.1","24"," 15.0","999.9","  68.0"," ","  50.0"," "," 0.00","G","999.9","000000"
"72243012960","2018-02-06","29.98","-95.36","29.0","HOUSTON INTERCONTINENTAL AIRPORT, TX US","  62.6","24","  61.1","24","1017.8","18","013.9","24","  2.9","24","  6.6","24"," 14.0","999.9","  75.0"," ","  51.1"," "," 0.02","G","999.9","110000"
"72243012960","2018-02-07","29.98","-95.36","29.0","HOUSTON INTERCONTINENTAL AIRPORT, TX US","  52.2","24","  50.7","24","1022.2","18","017.2","24","  7.0","24"," 10.7","24"," 15.0"," 20.0","  75.0"," ","  43.0"," "," 0.18","G","999.9","010010"
"72243012960","2018-02-08","29.98","-95.36","29.0","HOUSTON INTERCONTINENTAL AIRPORT, TX US","  45.4","24","  39.4","24","1028.9","22","025.1","24","  9.2","24","  7.6","24"," 15.9","999.9","  60.1"," ","  37.0"," "," 0.19","G","999.9","000000"
"72243012960","2018-02-09","29.98","-95.36","29.0","HOUSTON INTERCONTINENTAL AIRPORT, TX US","  58.9","24","  52.0","24","1022.1","24","018.1","24","  9.5","24","  4.2","24"," 13.0","999.9","  72.0"," ","  39.0"," "," 0.00","G","999.9","000000"
"72243012960","2018-02-10","29.98","-95.36","29.0","HOUSTON INTERCONTINENTAL AIRPORT, TX US","  66.6","24","  65.2","24","1013.9","14","009.5","24","  5.4","24","  3.8","24","  9.9","999.9","  72.0"," ","  54.0"," "," 0.98","G","999.9","010010"
"72243012960","2018-02-11","29.98","-95.36","29.0","HOUSTON INTERCONTINENTAL AIRPORT, TX US","  45.9","24","  42.9","24","1015.8","21","011.8","24","  6.9","24"," 11.0","24"," 15.9"," 22.9","  72.0"," ","  39.0"," "," 0.69","G","999.9","010000"
"72243012960","2018-02-12","29.98","-95.36","29.0","HOUSTON INTERCONTINENTAL AIRPORT, TX US","  39.3","24","  33.3","24","1026.1","24","022.4","24","  9.4","24"," 10.2","24"," 15.9"," 19.0","  48.0"," ","  36.0"," "," 0.00","G","999.9","010000"
"72243012960","2018-02-13","29.98","-95.36","29.0","HOUSTON INTERCONTINENTAL AIRPORT, TX US","  45.5","24","  42.7","24","1028.8","16","025.1","24","  6.7","24","  6.7","24","  9.9","999.9","  52.0"," ","  36.0"," "," 0.00","G","999.9","010010"
"72243012960","2018-02-14","29.98","-95.36","29.0","HOUSTON INTERCONTINENTAL AIRPORT, TX US","  61.0","24","  58.4","24","1025.9","21","022.0","24","  2.5","24","  5.1","24","  9.9","999.9","  80.1"," ","  44.1"," "," 0.60","G","999.9","110000"
"72243012960","2018-02-15","29.98","-95.36","29.0","HOUSTON INTERCONTINENTAL AIRPORT, TX US","  72.6","24","  66.3","24","1020.8","23","017.0","24","  8.4","24","  7.2","24"," 13.0"," 19.0","  80.1","*","  69.1","*"," 0.01","G","999.9","000000"
"72243012960","2018-02-16","29.98","-95.36","29.0","HOUSTON INTERCONTINENTAL AIRPORT, TX US","  72.3","24","  65.6","24","1018.7","23","014.8","24","  9.3","24","  5.2","24"," 12.0"," 17.1","  81.0"," ","  66.0"," "," 0.00","G","999.9","000000"
"72243012960","2018-02-17","29.98","-95.36","29.0","HOUSTON INTERCONTINENTAL AIRPORT, TX US","  67.9","24","  62.6","24","1018.4","19","014.6","24","  9.2","24","  5.1","24"," 14.0","999.9","  80.1"," ","  62.1"," "," 0.00","G","999.9","010000"
"72243012960","2018-02-18","29.98","-95.36","29.0","HOUSTON INTERCONTINENTAL AIRPORT, TX US","  64.3","24","  58.8","24","1019.6","24","015.7","24","  9.1","24","  8.3","24"," 15.9"," 20.0","  79.0"," ","  59.0"," "," 0.00","G","999.9","000000"
"72243012960","2018-02-19","29.98","-95.36","29.0","HOUSTON INTERCONTINENTAL AIRPORT, TX US","  73.0","24","  65.8","24","1015.6","19","011.9","24","  9.7","24"," 13.0","24"," 19.0"," 26.0","  80.1"," ","  59.0"," "," 0.00","G","999.9","000000"
"72243012960","2018-02-20","29.98","-95.36","29.0","HOUSTON INTERCONTINENTAL AIRPORT, TX US","  73.8","24","  68.2","24","1015.2","23","011.3","24","  9.8","24"," 13.7","24"," 17.1"," 26.0","  80.1"," ","  69.1"," "," 0.00","G","999.9","010000"
"72243012960","2018-02-21","29.98","-95.36","29.0","HOUSTON INTERCONTINENTAL AIRPORT, TX US","  69.1","24","  66.5","24","1017.7","18","014.0","24","  6.2","24","  8.6","24"," 14.0"," 19.0","  80.1"," ","  57.0"," "," 0.13","G","999.9","010010"
"72243012960","2018-02-22","29.98","-95.36","29.0","HOUSTON INTERCONTINENTAL AIRPORT, TX US","  57.8","24","  56.7","24","1021.9","22","018.0","24","  3.8","24","  5.4","24","  9.9","999.9","  75.0"," ","  50.0"," "," 1.61","G","999.9","010010"
"72243012960","2018-02-23","29.98","-95.36","29.0","HOUSTON INTERCONTINENTAL AIRPORT, TX US","  66.1","24","  63.1","24","1021.2","22","017.4","24","  3.4","24","  6.2","24"," 17.1"," 22.0","  80.1"," ","  50.0"," "," 0.10","G","999.9","110000"
"72243012960","2018-02-24","29.98","-95.36","29.0","HOUSTON INTERCONTINENTAL AIRPORT, TX US","  74.7","24","  68.4","24","1014.5","21","010.8","24","  9.2","24"," 10.3","24"," 17.1"," 26.0","  81.0"," ","  57.0"," "," 0.01","G","999.9","000000"
"72243012960","2018-02-25","29.98","-95.36","29.0","HOUSTON INTERCONTINENTAL AIRPORT, TX US","  64.6","24","  61.3","24","1014.1","13","010.5","24","  7.2","24","  7.5","24"," 17.1"," 22.0","  81.0"," ","  55.0"," "," 0.17","G","999.9","010010"
"72243012960","2018-02-26","29.98","-95.36","29.0","HOUSTON INTERCONTINENTAL AIRPORT, TX US","  59.9","24","  56.2","24","1020.0","20","016.1","24","  4.6","24","  6.5","24"," 12.0","999.9","  73.0"," ","  53.1"," "," 1.00","G","999.9","110010"
"72243012960","2018-02-27","29.98","-95.36","29.0","HOUSTON INTERCONTINENTAL AIRPORT, TX US","  66.1","24","  61.3","24","1019.6","21","015.6","24","  9.2","24","  9.6","24"," 19.0"," 26.0","  81.0"," ","  54.0"," "," 0.00","G","999.9","010000"
"72243012960","2018-02-28","29.98","-95.36","29.0","HOUSTON INTERCONTINENTAL AIRPORT, TX US","  75.8","24","  68.2","24","1013.0","24","009.2","24","  9.6","24","  9.8","24"," 18.1"," 24.1","  82.9"," ","  60.1"," "," 0.00","G","999.9","000000"
"72243012960","2018-03-01","29.98","-95.36","29.0","HOUSTON INTERCONTINENTAL AIRPORT, TX US","  72.8","24","  62.5","24","1012.5","23","008.6","24"," 10.0","24"," 10.2","24"," 25.1"," 32.1","  82.9"," ","  63.0"," "," 0.00","G","999.9","010000"
"72243012960","2018-03-02","29.98","-95.36","29.0","HOUSTON INTERCONTINENTAL AIRPORT, TX US","  64.7","24","  54.6","24","1022.9","24","019.1","24"," 10.0","24","  8.2","24"," 12.0"," 17.1","  80.1"," ","  55.0"," "," 0.01","G","999.9","000000"
"72243012960","2018-03-03","29.98","-95.36","29.0","HOUSTON INTERCONTINENTAL AIRPORT, TX US","  62.3","24","  52.3","24","1022.8","24","018.9","24"," 10.0","24","  6.8","24"," 15.9","999.9","  75.9"," ","  50.0"," "," 0.00","G","999.9","000000"
"72243012960","2018-03-04","29.98","-95.36","29.0","HOUSTON INTERCONTINENTAL AIRPORT, TX US","  68.8","24","  62.7","24","1019.0","22","015.1","24","  9.8","24"," 10.9","24"," 18.1"," 22.0","  77.0"," ","  51.1"," "," 0.00","G","999.9","010000"
"72243012960","2018-03-05","29.98","-95.36","29.0","HOUSTON INTERCONTINENTAL AIRPORT, TX US","  74.0","24","  67.5","24","1013.4","21","009.7","24"," 10.0","24","  7.9","24"," 15.9"," 20.0","  81.0"," ","  64.9"," "," 0.02","G","999.9","010010"
"72243012960","2018-03-06","29.98","-95.36","29.0","HOUSTON INTERCONTINENTAL AIRPORT, TX US","  66.4","24","  39.6","24","1016.3","24","012.4","24"," 10.0","24","  8.7","24"," 15.9"," 21.0","  81.0"," ","  54.0"," "," 0.00","G","999.9","010000"
"72243012960","2018-03-07","29.98","-95.36","29.0","HOUSTON INTERCONTINENTAL AIRPORT, TX US","  58.5","24","  26.9","24","1023.0","24","019.2","24"," 10.0","24","  7.8","24"," 14.0"," 15.0","  73.9"," ","  48.9"," "," 0.00","G","999.9","000000"
"72243012960","2018-03-08","29.98","-95.36","29.0","HOUSTON INTERCONTINENTAL AIRPORT, TX US","  55.8","24","  32.9","24","1023.9","24","019.9","24","  9.7","24","  6.3","24"," 12.0","999.9","  66.9"," ","  48.0"," "," 0.00","G","999.9","000000"
"72243012960","2018-03-09","29.98","-95.36","29.0","HOUSTON INTERCONTINENTAL AIRPORT, TX US","  58.0","24","  46.1","24","1018.0","24","013.9","24"," 10.0","24","  6.8","24"," 17.1"," 19.0","  73.9"," ","  44.1"," "," 0.00","G","999.9","000000"
"72243012960","2018-03-10","29.98","-95.36","29.0","HOUSTON INTERCONTINENTAL AIRPORT, TX US","  70.8","24","  64.1","24","1010.5","22","006.6","24","  9.0","24","  6.6","24"," 15.0","999.9","  82.0","*","  66.0","*"," 0.00","G","999.9","010000"
"72243012960","2018-03-11","29.98","-95.36","29.0","HOUSTON INTERCONTINENTAL AIRPORT, TX US","  73.6","24","  66.7","24","1009.3","19","006.1","24","  8.8","24","  9.7","24"," 22.9"," 28.9","  84.0"," ","  66.0"," "," 0.00","G","999.9","010000"
"72243012960","2018-03-12","29.98","-95.36","29.0","HOUSTON INTERCONTINENTAL AIRPORT, TX US","  58.9","24","  39.7","24","1022.5","24","018.7","24","  9.9","24"," 10.9","24"," 19.0"," 26.0","  80.1"," ","  46.9"," "," 0.01","G","999.9","000000"
"72243012960","2018-03-13","29.98","-95.36","29.0","HOUSTON INTERCONTINENTAL AIRPORT, TX US","  56.3","24","  39.7","24","1024.1","24","020.1","24","  9.6","24","  2.7","24","  8.9","999.9","  71.1"," ","  44.1"," "," 0.00","G","999.9","000000"
"72243012960","2018-03-14","29.98","-95.36","29.0","HOUSTON INTERCONTINENTAL AIRPORT, TX US","  57.7","24","  37.9","24","1024.7","24","020.7","24"," 10.0","24","  3.2","24","  8.9","999.9","  72.0"," ","  44.1"," "," 0.00","G","999.9","000000"
"72243012960","2018-03-15","29.98","-95.36","29.0","HOUSTON INTERCONTINENTAL AIRPORT, TX US","  61.0","24","  49.7","24","1019.4","24","015.2","24"," 10.0","24","  7.2","24"," 15.9"," 22.0","  75.9"," ","  44.1"," "," 0.00","G","999.9","000000"
"72243012960","2018-03-16","29.98","-95.36","29.0","HOUSTON INTERCONTINENTAL AIRPORT, TX US","  72.5","24","  64.2","24","1012.5","24","008.6","24","  9.8","24","  8.2","24"," 12.0"," 17.1","  84.0","*","  66.0","*"," 0.00","G","999.9","010010"
"72243012960","2018-03-17","29.98","-95.36","29.0","HOUSTON INTERCONTINENTAL AIRPORT, TX US","  74.8","24","  68.3","24","1012.6","24","008.9","24","  9.1","24","  6.1","24"," 14.0","999.9","  84.9"," ","  66.9"," "," 0.00","G","999.9","000000"
"72243012960","2018-03-18","29.98","-95.36","29.0","HOUSTON INTERCONTINENTAL AIRPORT, TX US","  75.0","24","  68.0","24","1009.7","20","006.2","24","  9.1","24","  5.1","24"," 13.0","999.9","  84.0"," ","  68.0"," "," 0.00","G","999.9","000000"
"72243012960","2018-03-19","29.98","-95.36","29.0","HOUSTON INTERCONTINENTAL AIRPORT, TX US","  75.8","24","  57.1","24","1006.7","19","002.8","24","  8.2","24","  8.2","24"," 15.0"," 21.0","  84.9"," ","  68.0"," "," 0.00","G","999.9","010000"
"72243012960","2018-03-20","29.98","-95.36","29.0","HOUSTON INTERCONTINENTAL AIRPORT, TX US","  64.6","24","  39.5","24","1013.0","23","009.4","24"," 10.0","24"," 10.0","24"," 14.0"," 22.0","  84.9"," ","  52.0"," "," 0.00","G","999.9","000000"
"72243012960","2018-03-21","29.98","-95.36","29.0","HOUSTON INTERCONTINENTAL AIRPORT, TX US","  60.7","24","  38.7","24","1019.9","24","016.2","24"," 10.0","24","  3.8","24","  8.9","999.9","  77.0"," ","  46.0"," "," 0.00","G","999.9","000000"
"72243012960","2018-03-22","29.98","-95.36","29.0","HOUSTON INTERCONTINENTAL AIRPORT, TX US","  63.5","24","  48.5","24","1024.7","24","020.9","24"," 10.0","24","  7.4","24"," 17.1"," 22.0","  77.0"," ","  46.0"," "," 0.00","G","999.9","000000"
"72243012960","2018-03-23","29.98","-95.36","29.0","HOUSTON INTERCONTINENTAL AIRPORT, TX US","  67.8","24","  55.8","24","1021.9","24","017.8","24"," 10.0","24","  8.7","24"," 19.0"," 27.0","  81.0"," ","  50.0"," "," 0.00","G","999.9","000000"
"72243012960","2018-03-24","29.98","-95.36","29.0","HOUSTON INTERCONTINENTAL AIRPORT, TX US","  73.7","24","  64.6","24","1014.9","23","011.0","24"," 10.0","24","  9.6","24"," 18.1"," 20.0","  82.0","*","  70.0","*"," 0.00","G","999.9","000000"
"72243012960","2018-03-25","29.98","-95.36","29.0","HOUSTON INTERCONTINENTAL AIRPORT, TX US","  74.0","24","  66.7","24","1013.0","19","009.2","24","  9.1","24","  8.0","24"," 19.0"," 24.1","  84.9"," ","  64.0"," "," 0.00","G","999.9","100000"
"72243012960","2018-03-26","29.98","-95.36","29.0","HOUSTON INTERCONTINENTAL AIRPORT, TX US","  74.1","24","  66.4","24","1013.5","23","009.8","24","  9.1","24"," 12.0","24"," 22.0"," 28.9","  84.9"," ","  64.0"," "," 0.00","G","999.9","000000"
"72243012960","2018-03-27","29.98","-95.36","29.0","HOUSTON INTERCONTINENTAL AIRPORT, TX US","  75.2","24","  68.0","24","1015.1","19","011.2","24","  8.6","24"," 13.1","24"," 20.0"," 26.0","  82.9"," ","  69.1"," "," 0.00","G","999.9","010000"
"72243012960","2018-03-28","29.98","-95.36","29.0","HOUSTON INTERCONTINENTAL AIRPORT, TX US","  72.9","24","  69.2","24","1011.4","19","007.8","24","  7.0","24"," 10.6","24"," 21.0"," 35.9","  82.9"," ","  64.0"," "," 0.04","G","999.9","010010"
"72243012960","2018-03-29","29.98","-95.36","29.0","HOUSTON INTERCONTINENTAL AIRPORT, TX US","  67.4","24","  62.0","24","1010.8","20","006.7","24","  7.3","24","  6.7","24"," 20.0"," 28.9","  81.0"," ","  60.1"," "," 2.89","G","999.9","010010"
"72243012960","2018-03-30","29.98","-95.36","29.0","HOUSTON INTERCONTINENTAL AIRPORT, TX US","  68.5","24","  55.0","24","1020.3","24","016.7","24"," 10.0","24","  8.2","24"," 13.0","999.9","  81.0"," ","  57.9"," "," 1.47","G","999.9","000000"
"72243012960","2018-03-31","29.98","-95.36","29.0","HOUSTON INTERCONTINENTAL AIRPORT, TX US","  66.2","24","  55.0","24","1021.7","24","017.7","24"," 10.0","24","  5.3","24"," 15.9"," 20.0","  80.1"," ","  54.0"," "," 0.00","G","999.9","100000"
"72243012960","2018-04-01","29.98","-95.36","29.0","HOUSTON INTERCONTINENTAL AIRPORT, TX US","  70.3","24","  60.9","24","1016.6","24","012.8","24"," 10.0","24","  6.9","24"," 13.0"," 19.0","  82.9"," ","  54.0"," "," 0.00","G","999.9","000000"
"72243012960","2018-04-02","29.98","-95.36","29.0","HOUSTON INTERCONTINENTAL AIRPORT, TX US","  74.9","24","  67.0","24","1012.4","24","008.6","24","  9.8","24","  7.6","24"," 18.1"," 24.1","  84.9"," ","  59.0"," "," 0.00","G","999.9","000000"
"72243012960","2018-04-03","29.98","-95.36","29.0","HOUSTON INTERCONTINENTAL AIRPORT, TX US","  76.9","24","  68.2","24","1009.2","23","005.5","24","  9.7","24"," 10.4","24"," 15.0"," 21.0","  84.9"," ","  69.1"," "," 0.00","G","999.9","000000"
"72243012960","2018-04-04","29.98","-95.36","29.0","HOUSTON INTERCONTINENTAL AIRPORT, TX US","  66.7","24","  47.2","24","1019.4","23","015.2","24"," 10.0","24"," 12.5","24"," 20.0"," 27.0","  84.9"," ","  54.0"," "," 0.01","G","999.9","010010"
"72243012960","2018-04-05","29.98","-95.36","29.0","HOUSTON INTERCONTINENTAL AIRPORT, TX US","  62.8","24","  49.7","24","1020.2","24","016.1","24"," 10.0","24","  8.7","24"," 15.0"," 21.0","  73.9"," ","  53.1"," "," 0.00","G","999.9","000000"
"72243012960","2018-04-06","29.98","-95.36","29.0","HOUSTON INTERCONTINENTAL AIRPORT, TX US","  73.6","24","  68.3","24","1011.7","21","008.5","24","  9.9","24","  9.3","24"," 13.0"," 21.0","  80.1","*","  69.1","*"," 0.00","G","999.9","010000"
"72243012960","2018-04-07","29.98","-95.36","29.0","HOUSTON INTERCONTINENTAL AIRPORT, TX US","  65.4","24","  62.1","24","1010.2","18","006.0","24","  8.4","24","  9.2","24"," 17.1"," 25.1","  82.0"," ","  48.0"," "," 0.29","G","999.9","010010"
"72243012960","2018-04-08","29.98","-95.36","29.0","HOUSTON INTERCONTINENTAL AIRPORT, TX US","  49.0","24","  44.4","24","1014.5","23","010.7","24","  9.1","24","  7.4","24"," 13.0"," 22.0","  57.0","*","  46.0","*"," 0.00","H","999.9","010000"
"72243012960","2018-04-09","29.98","-95.36","29.0","HOUSTON INTERCONTINENTAL AIRPORT, TX US","  57.3","24","  54.2","24","1013.8","19","009.8","24","  5.5","24","  7.3","24"," 11.1","999.9","  64.0"," ","  45.0"," "," 0.01","G","999.9","010000"
"72243012960","2018-04-10","29.98","-95.36","29.0","HOUSTON INTERCONTINENTAL AIRPORT, TX US","  65.1","24","  52.1","24","1022.5","24","018.7","24","  9.9","24","  7.7","24"," 12.0"," 20.0","  78.1"," ","  53.1"," "," 0.02","G","999.9","000000"
"72243012960","2018-04-11","29.98","-95.36","29.0","HOUSTON INTERCONTINENTAL AIRPORT, TX US","  64.2","24","  48.3","24","1022.6","24","018.6","24","  9.8","24","  4.4","24"," 12.0"," 20.0","  80.1"," ","  48.0"," "," 0.00","G","999.9","000000"
"72243012960","2018-04-12","29.98","-95.36","29.0","HOUSTON INTERCONTINENTAL AIRPORT, TX US","  70.1","24","  59.6","24","1015.8","24","011.8","24"," 10.0","24","  9.4","24"," 19.0"," 27.0","  84.0"," ","  48.0"," "," 0.00","G","999.9","000000"
"72243012960","2018-04-13","29.98","-95.36","29.0","HOUSTON INTERCONTINENTAL AIRPORT, TX US","  76.0","24","  68.5","24","1008.7","24","004.8","24","  9.9","24"," 12.1","24"," 17.1"," 27.0","  84.0"," ","  57.0"," "," 0.00","G","999.9","010000"
"72243012960","2018-04-14","29.98","-95.36","29.0","HOUSTON INTERCONTINENTAL AIRPORT, TX US","  65.5","24","  55.4","24","1010.7","21","006.5","24","  8.7","24"," 12.2","24"," 24.1"," 33.0","  84.0"," ","  54.0"," "," 0.28","G","999.9","010010"
"72243012960","2018-04-15","29.98","-95.36","29.0","HOUSTON INTERCONTINENTAL AIRPORT, TX US","  57.0","24","  34.5","24","1019.7","24","015.9","24"," 10.0","24","  9.1","24"," 17.1"," 28.0","  73.0"," ","  46.9"," "," 0.17","G","999.9","000000"
"72243012960","2018-04-16","29.98","-95.36","29.0","HOUSTON INTERCONTINENTAL AIRPORT, TX US","  61.2","24","  40.6","24","1023.1","24","019.1","24"," 10.0","24","  4.2","24"," 12.0"," 15.9","  80.1"," ","  43.0"," "," 0.00","G","999.9","000000"
"72243012960","2018-04-17","29.98","-95.36","29.0","HOUSTON INTERCONTINENTAL AIRPORT, TX US","  70.8","24","  54.5","24","1017.7","24","013.6","24"," 10.0","24","  9.1","24"," 15.0"," 22.0","  82.9","*","  61.0","*"," 0.00","G","999.9","000000"
"72243012960","2018-04-18","29.98","-95.36","29.0","HOUSTON INTERCONTINENTAL AIRPORT, TX US","  73.2","24","  63.1","24","1014.5","22","010.8","24"," 10.0","24","  7.7","24"," 12.0"," 20.0","  84.0"," ","  61.0"," "," 0.00","G","999.9","000000"
"72243012960","2018-04-19","29.98","-95.36","29.0","HOUSTON INTERCONTINENTAL AIRPORT, TX US","  70.7","24","  48.7","24","1021.6","24","017.9","24"," 10.0","24","  8.8","24"," 15.0"," 24.1","  82.0"," ","  63.0"," "," 0.00","G","999.9","000000"
"72243012960","2018-04-20","29.98","-95.36","29.0","HOUSTON INTERCONTINENTAL AIRPORT, TX US","  60.6","24","  44.7","24","1023.3","24","019.4","24"," 10.0","24","  7.9","24"," 14.0"," 18.1","  77.0"," ","  52.0"," "," 0.00","G","999.9","000000"
"72243012960","2018-04-21","29.98","-95.36","29.0","HOUSTON INTERCONTINENTAL AIRPORT, TX US","  64.8","24","  57.9","24","1016.9","22","013.1","24","  9.7","24"," 10.1","24"," 17.1"," 22.9","  73.9"," ","  52.0"," "," 0.00","G","999.9","010000"
"72243012960","2018-04-22","29.98","-95.36","29.0","HOUSTON INTERCONTINENTAL AIRPORT, TX US","  66.9","24","  61.6","24","1014.8","19","011.0","24","  8.2","24","  9.6","24"," 15.0"," 22.0","  73.9"," ","  57.9"," "," 1.12","G","999.9","110000"
"72243012960","2018-04-23","29.98","-95.36","29.0","HOUSTON INTERCONTINENTAL AIRPORT, TX US","  65.5","24","  51.5","24","1016.9","24","013.0","24"," 10.0","24","  6.0","24"," 15.0"," 19.0","  80.1"," ","  51.1"," "," 0.00","G","999.9","000000"
"72243012960","2018-04-24","29.98","-95.36","29.0","HOUSTON INTERCONTINENTAL AIRPORT, TX US","  70.2","24","  56.4","24","1017.1","24","013.2","24"," 10.0","24","  2.7","24"," 11.1","999.9","  84.9"," ","  51.1"," "," 0.00","G","999.9","000000"
"72243012960","2018-04-25","29.98","-95.36","29.0","HOUSTON INTERCONTINENTAL AIRPORT, TX US","  73.8","24","  61.4","24","1016.8","24","012.8","24"," 10.0","24","  3.4","24"," 15.9"," 25.1","  86.0"," ","  54.0"," "," 0.00","G","999.9","000000"
"72243012960","2018-04-26","29.98","-95.36","29.0","HOUSTON INTERCONTINENTAL AIRPORT, TX US","  66.6","24","  51.1","24","1015.9","24","012.1","24"," 10.0","24","  8.9","24"," 15.9"," 21.0","  86.0"," ","  54.0"," "," 0.00","G","999.9","000000"
"72243012960","2018-04-27","29.98","-95.36","29.0","HOUSTON INTERCONTINENTAL AIRPORT, TX US","  66.9","24","  51.6","24","1016.5","24","012.7","24"," 10.0","24","  5.0","24","  8.9"," 17.1","  80.1"," ","  53.1"," "," 0.00","G","999.9","000000"
"72243012960","2018-04-28","29.98","-95.36","29.0","HOUSTON INTERCONTINENTAL AIRPORT, TX US","  69.4","24","  52.9","24","1017.2","24","013.3","24"," 10.0","24","  1.8","24"," 11.1","999.9","  84.0"," ","  53.1"," "," 0.00","G","999.9","000000"
"72243012960","2018-04-29","29.98","-95.36","29.0","HOUSTON INTERCONTINENTAL AIRPORT, TX US","  71.6","24","  57.6","24","1019.1","24","015.3","24"," 10.0","24","  6.2","24"," 17.1"," 24.1","  84.0"," ","  55.9"," "," 0.00","G","999.9","000000"
"72243012960","2018-04-30","29.98","-95.36","29.0","HOUSTON INTERCONTINENTAL AIRPORT, TX US","  68.8","24","  60.7","24","1019.2","23","015.3","24","  9.7","24","  8.2","24"," 18.1"," 24.1","  82.9"," ","  55.9"," "," 0.00","G","999.9","000000"
"72243012960","2018-05-01","29.98","-95.36","29.0","HOUSTON INTERCONTINENTAL AIRPORT, TX US","  73.7","24","  67.4","24","1016.4","22","012.5","24","  9.5","24"," 11.3","24"," 18.1"," 25.1","  81.0"," ","  59.0"," "," 0.00","G","999.9","010000"
"72243012960","2018-05-02","29.98","-95.36","29.0","HOUSTON INTERCONTINENTAL AIRPORT, TX US","  78.1","24","  70.9","24","1016.8","21","013.0","24"," 10.0","24"," 12.7","24"," 20.0"," 21.0","  87.1"," ","  70.0"," "," 0.00","G","999.9","010000"
"72243012960","2018-05-03","29.98","-95.36","29.0","HOUSTON INTERCONTINENTAL AIRPORT, TX US","  79.3","24","  70.3","24","1016.3","24","012.5","24","  9.7","24"," 13.0","24"," 20.0"," 24.1","  87.1"," ","  73.9"," "," 0.00","G","999.9","000000"
"72243012960","2018-05-04","29.98","-95.36","29.0","HOUSTON INTERCONTINENTAL AIRPORT, TX US","  77.0","24","  71.4","24","1017.8","19","013.9","24","  9.1","24","  7.9","24"," 15.9"," 18.1","  86.0"," ","  70.0"," "," 0.00","G","999.9","010000"
"72243012960","2018-05-05","29.98","-95.36","29.0","HOUSTON INTERCONTINENTAL AIRPORT, TX US","  71.8","24","  65.0","24","1018.8","20","015.1","24","  9.3","24","  6.8","24"," 13.0"," 17.1","  84.0"," ","  64.9"," "," 1.33","G","999.9","010000"
"72243012960","2018-05-06","29.98","-95.36","29.0","HOUSTON INTERCONTINENTAL AIRPORT, TX US","  75.1","24","  59.7","24","1019.0","24","015.2","24"," 10.0","24","  2.8","24","  9.9","999.9","  87.1"," ","  64.0"," "," 0.10","G","999.9","000000"
"72243012960","2018-05-07","29.98","-95.36","29.0","HOUSTON INTERCONTINENTAL AIRPORT, TX US","  76.5","24","  60.3","24","1019.7","24","015.8","24"," 10.0","24","  3.0","24","  6.0","999.9","  91.0"," ","  64.0"," "," 0.00","G","999.9","000000"
"72243012960","2018-05-08","29.98","-95.36","29.0","HOUSTON INTERCONTINENTAL AIRPORT, TX US","  79.0","24","  60.8","24","1018.2","24","014.3","24"," 10.0","24","  4.5","24","  9.9"," 15.9","  91.0"," ","  64.0"," "," 0.00","G","999.9","000000"
"72243012960","2018-05-09","29.98","-95.36","29.0","HOUSTON INTERCONTINENTAL AIRPORT, TX US","  78.0","24","  59.8","24","1016.9","24","013.1","24"," 10.0","24","  5.8","24"," 13.0"," 18.1","  91.0"," ","  63.0"," "," 0.00","G","999.9","100000"
"72243012960","2018-05-10","29.98","-95.36","29.0","HOUSTON INTERCONTINENTAL AIRPORT, TX US","  77.3","24","  62.9","24","1016.9","24","013.1","24","  9.8","24","  7.3","24"," 13.0"," 19.0","  90.0"," ","  63.0"," "," 0.00","G","999.9","100000"
"72243012960","2018-05-11","29.98","-95.36","29.0","HOUSTON INTERCONTINENTAL AIRPORT, TX US","  79.2","24","  66.1","24","1015.6","24","011.7","24"," 10.0","24","  8.2","24"," 17.1"," 22.0","  89.1"," ","  63.0"," "," 0.00","G","999.9","000000"
"72243012960","2018-05-12","29.98","-95.36","29.0","HOUSTON INTERCONTINENTAL AIRPORT, TX US","  80.1","24","  71.1","24","1015.0","24","011.3","24","  9.9","24"," 10.3","24"," 17.1"," 22.0","  90.0"," ","  71.1"," "," 0.00","G","999.9","000000"
"72243012960","2018-05-13","29.98","-95.36","29.0","HOUSTON INTERCONTINENTAL AIRPORT, TX US","  80.5","24","  72.2","24","1015.7","24","012.0","24","  9.9","24","  7.7","24"," 17.1"," 19.0","  91.0"," ","  70.0"," "," 0.00","G","999.9","100000"
"72243012960","2018-05-14","29.98","-95.36","29.0","HOUSTON INTERCONTINENTAL AIRPORT, TX US","  80.3","24","  69.5","24","1014.8","24","011.2","24","  9.9","24","  6.4","24"," 15.0","999.9","  93.0"," ","  69.1"," "," 0.00","G","999.9","100000"
"72243012960","2018-05-15","29.98","-95.36","29.0","HOUSTON INTERCONTINENTAL AIRPORT, TX US","  79.8","24","  67.2","24","1013.6","24","009.9","24","  9.6","24","  4.3","24"," 13.0","999.9","  93.9"," ","  64.9"," "," 0.00","G","999.9","100000"
"72243012960","2018-05-16","29.98","-95.36","29.0","HOUSTON INTERCONTINENTAL AIRPORT, TX US","  82.0","24","  65.8","24","1012.6","24","008.9","24"," 10.0","24","  5.1","24","  9.9"," 17.1","  93.9"," ","  64.9"," "," 0.00","G","999.9","000000"
"72243012960","2018-05-17","29.98","-95.36","29.0","HOUSTON INTERCONTINENTAL AIRPORT, TX US","  83.7","24","  65.7","24","1011.5","24","007.6","24"," 10.0","24","  4.5","24","  8.9","999.9","  96.1"," ","  66.0"," "," 0.00","G","999.9","000000"
"72243012960","2018-05-18","29.98","-95.36","29.0","HOUSTON INTERCONTINENTAL AIRPORT, TX US","  83.7","24","  69.3","24","1009.8","23","006.1","24","  9.5","24","  6.8","24"," 13.0"," 17.1","  96.1"," ","  73.0"," "," 0.00","G","999.9","000000"
"72243012960","2018-05-19","29.98","-95.36","29.0","HOUSTON INTERCONTINENTAL AIRPORT, TX US","  82.8","24","  70.9","24","1011.3","24","007.6","24","  9.9","24"," 10.0","24"," 18.1"," 25.1","  93.9"," ","  73.9"," "," 0.00","G","999.9","000000"
"72243012960","2018-05-20","29.98","-95.36","29.0","HOUSTON INTERCONTINENTAL AIRPORT, TX US","  79.1","24","  73.2","24","1014.3","20","010.8","24","  9.8","24","  8.8","24"," 22.0"," 25.1","  93.0"," ","  69.1"," "," 0.00","G","999.9","010010"
"72243012960","2018-05-21","29.98","-95.36","29.0","HOUSTON INTERCONTINENTAL AIRPORT, TX US","  73.8","24","  69.9","24","1015.3","21","011.6","24","  9.1","24","  5.5","24"," 12.0","999.9","  87.1"," ","  68.0"," "," 1.06","G","999.9","010010"
"72243012960","2018-05-22","29.98","-95.36","29.0","HOUSTON INTERCONTINENTAL AIRPORT, TX US","  76.3","24","  71.1","24","1014.9","23","011.1","24","  8.9","24","  3.3","24"," 12.0"," 21.0","  90.0"," ","  68.0"," "," 0.39","G","999.9","110010"
"72243012960","2018-05-23","29.98","-95.36","29.0","HOUSTON INTERCONTINENTAL AIRPORT, TX US","  76.0","24","  72.2","24","1015.9","24","012.1","24","  9.9","24","  3.2","24","  8.9","999.9","  90.0"," ","  69.1"," "," 0.16","G","999.9","110010"
"72243012960","2018-05-24","29.98","-95.36","29.0","HOUSTON INTERCONTINENTAL AIRPORT, TX US","  78.3","24","  71.1","24","1017.0","24","013.1","24"," 10.0","24","  5.3","24"," 13.0"," 17.1","  91.0"," ","  69.1"," "," 0.17","G","999.9","000000"
"72243012960","2018-05-25","29.98","-95.36","29.0","HOUSTON INTERCONTINENTAL AIRPORT, TX US","  79.8","24","  72.0","24","1014.7","24","010.8","24"," 10.0","24","  3.5","24"," 13.0","999.9","  91.0"," ","  70.0"," "," 0.00","G","999.9","110000"
"72243012960","2018-05-26","29.98","-95.36","29.0","HOUSTON INTERCONTINENTAL AIRPORT, TX US","  83.3","24","  73.7","24","1010.6","24","006.7","24"," 10.0","24","  4.2","24"," 13.0"," 15.9","  93.9"," ","  71.1"," "," 0.03","G","999.9","000000"
"72243012960","2018-05-27","29.98","-95.36","29.0","HOUSTON INTERCONTINENTAL AIRPORT, TX US","  78.6","24","  71.5","24","1009.3","24","005.5","24","  9.6","24","  5.2","24"," 25.1"," 36.9","  93.9"," ","  68.0"," "," 0.59","G","999.9","110110"
"72243012960","2018-05-28","29.98","-95.36","29.0","HOUSTON INTERCONTINENTAL AIRPORT, TX US","  82.0","24","  72.5","24","1009.4","24","005.6","24"," 10.0","24","  3.0","24"," 12.0","999.9","  93.9"," ","  68.0"," "," 0.00","G","999.9","000000"
"72243012960","2018-05-29","29.98","-95.36","29.0","HOUSTON INTERCONTINENTAL AIRPORT, TX US","  84.9","24","  73.4","24","1007.7","24","003.9","24"," 10.0","24","  3.9","24"," 11.1","999.9","  95.0"," ","  72.0"," "," 0.00","G","999.9","000000"
"72243012960","2018-05-30","29.98","-95.36","29.0","HOUSTON INTERCONTINENTAL AIRPORT, TX US","  84.1","24","  72.6","24","1008.5","24","004.8","24"," 10.0","24","  6.4","24"," 12.0"," 15.0","  95.0"," ","  72.0"," "," 0.00","G","999.9","000000"
"72243012960","2018-05-31","29.98","-95.36","29.0","HOUSTON INTERCONTINENTAL AIRPORT, TX US","  84.5","24","  73.8","24","1010.4","24","006.8","24"," 10.0","24","  8.7","24"," 14.0"," 21.0","  93.9"," ","  72.0"," "," 0.00","G","999.9","000000"
"72243012960","2018-06-01","29.98","-95.36","29.0","HOUSTON INTERCONTINENTAL AIRPORT, TX US","  85.2","24","  74.7","24","1011.8","23","008.2","24","  9.5","24","  6.4","24"," 13.0","999.9","  96.1"," ","  75.0"," "," 0.00","G","999.9","100000"
"72243012960","2018-06-02","29.98","-95.36","29.0","HOUSTON INTERCONTINENTAL AIRPORT, TX US","  85.6","24","  75.2","24","1012.3","24","008.5","24"," 10.0","24","  6.5","24"," 13.0","999.9","  96.1"," ","  75.0"," "," 0.00","G","999.9","000000"
"72243012960","2018-06-03","29.98","-95.36","29.0","HOUSTON INTERCONTINENTAL AIRPORT, TX US","  85.5","24","  74.4","24","1014.6","24","010.9","24"," 10.0","24","  4.3","24","  8.0","999.9","  97.0"," ","  73.9"," "," 0.00","G","999.9","000000"
"72243012960","2018-06-04","29.98","-95.36","29.0","HOUSTON INTERCONTINENTAL AIRPORT, TX US","  82.1","24","  72.6","24","1015.0","23","011.5","24","  9.8","24","  5.0","24"," 27.0"," 35.9","  97.0"," ","  72.0"," "," 0.01","G","999.9","010010"
"72243012960","2018-06-05","29.98","-95.36","29.0","HOUSTON INTERCONTINENTAL AIRPORT, TX US","  85.5","24","  73.8","24","1011.9","24","008.1","24","  9.9","24","  5.6","24"," 11.1"," 17.1","  98.1"," ","  72.0"," "," 0.00","G","999.9","000000"
"72243012960","2018-06-06","29.98","-95.36","29.0","HOUSTON INTERCONTINENTAL AIRPORT, TX US","  85.3","24","  73.9","24","1010.5","22","006.9","24","  9.9","24","  5.8","24"," 14.0"," 20.0","  98.1"," ","  77.0"," "," 0.00","G","999.9","010010"
"72243012960","2018-06-07","29.98","-95.36","29.0","HOUSTON INTERCONTINENTAL AIRPORT, TX US","  83.6","24","  74.7","24","1013.1","24","009.5","24"," 10.0","24","  5.6","24"," 15.0"," 19.0","  96.1"," ","  73.9"," "," 0.25","G","999.9","000000"
"72243012960","2018-06-08","29.98","-95.36","29.0","HOUSTON INTERCONTINENTAL AIRPORT, TX US","  84.0","24","  71.9","24","1016.3","24","012.6","24"," 10.0","24","  4.7","24"," 14.0","999.9","  95.0"," ","  73.9"," "," 0.00","G","999.9","000000"
"72243012960","2018-06-09","29.98","-95.36","29.0","HOUSTON INTERCONTINENTAL AIRPORT, TX US","  82.2","24","  72.7","24","1017.0","24","013.3","24"," 10.0","24","  5.3","24"," 19.0","999.9","  95.0"," ","  72.0"," "," 0.00","G","999.9","010000"
"72243012960","2018-06-10","29.98","-95.36","29.0","HOUSTON INTERCONTINENTAL AIRPORT, TX US","  85.4","24","  73.7","24","1014.1","24","010.2","24","  9.9","24","  7.0","24"," 14.0"," 19.0","  96.1"," ","  72.0"," "," 0.00","G","999.9","000000"
"72243012960","2018-06-11","29.98","-95.36","29.0","HOUSTON INTERCONTINENTAL AIRPORT, TX US","  86.3","24","  73.9","24","1011.5","24","007.7","24"," 10.0","24","  9.0","24"," 14.0"," 22.0","  96.1"," ","  80.1"," "," 0.00","G","999.9","000000"
"72243012960","2018-06-12","29.98","-95.36","29.0","HOUSTON INTERCONTINENTAL AIRPORT, TX US","  86.7","24","  74.2","24","1013.0","24","009.3","24"," 10.0","24","  8.6","24"," 15.9"," 21.0","  97.0"," ","  80.1"," "," 0.00","G","999.9","000000"
"72243012960","2018-06-13","29.98","-95.36","29.0","HOUSTON INTERCONTINENTAL AIRPORT, TX US","  85.6","24","  73.5","24","1015.5","24","011.7","24"," 10.0","24","  5.8","24"," 18.1","999.9","  97.0"," ","  73.9"," "," 0.00","G","999.9","000000"
"72243012960","2018-06-14","29.98","-95.36","29.0","HOUSTON INTERCONTINENTAL AIRPORT, TX US","  83.5","24","  73.1","24","1015.9","23","012.1","24"," 10.0","24","  5.5","24"," 18.1"," 26.0","  97.0"," ","  73.9"," "," 0.00","G","999.9","010010"
"72243012960","2018-06-15","29.98","-95.36","29.0","HOUSTON INTERCONTINENTAL AIRPORT, TX US","  83.4","24","  73.6","24","1014.2","24","010.5","24"," 10.0","24","  5.8","24"," 17.1"," 21.0","  93.9"," ","  73.0"," "," 0.00","G","999.9","010010"
"72243012960","2018-06-16","29.98","-95.36","29.0","HOUSTON INTERCONTINENTAL AIRPORT, TX US","  85.1","24","  73.3","24","1012.9","24","009.1","24"," 10.0","24","  9.9","24"," 20.0"," 22.0","  95.0"," ","  73.0"," "," 0.00","G","999.9","000000"
"72243012960","2018-06-17","29.98","-95.36","29.0","HOUSTON INTERCONTINENTAL AIRPORT, TX US","  81.0","24","  76.4","24","1012.5","16","008.7","24","  9.1","24","  8.8","24"," 22.9"," 27.0","  95.0"," ","  75.0"," "," 0.07","G","999.9","010010"
"72243012960","2018-06-18","29.98","-95.36","29.0","HOUSTON INTERCONTINENTAL AIRPORT, TX US","  78.8","24","  76.1","24","1013.3","15","009.6","24","  8.8","24","  9.7","24"," 17.1","999.9","  87.1"," ","  75.0"," "," 1.21","G","999.9","010000"
"72243012960","2018-06-19","29.98","-95.36","29.0","HOUSTON INTERCONTINENTAL AIRPORT, TX US","  76.6","24","  75.5","24","1012.8","14","009.3","24","  6.8","24"," 11.3","24"," 18.1"," 26.0","  81.0","*","  73.4","*"," 2.42","G","999.9","110000"
"72243012960","2018-06-20","29.98","-95.36","29.0","HOUSTON INTERCONTINENTAL AIRPORT, TX US","  80.1","24","  76.7","24","1010.7","19","007.1","24","  9.2","24","  9.4","24"," 19.0"," 25.1","  88.0"," ","  73.9"," "," 0.73","G","999.9","110010"
"72243012960","2018-06-21","29.98","-95.36","29.0","HOUSTON INTERCONTINENTAL AIRPORT, TX US","  79.6","24","  76.9","24","1012.0","19","008.2","24","  9.4","24","  4.6","24","  8.0","999.9","  89.1"," ","  75.9"," "," 1.43","G","999.9","010000"
"72243012960","2018-06-22","29.98","-95.36","29.0","HOUSTON INTERCONTINENTAL AIRPORT, TX US","  84.5","24","  77.2","24","1011.8","23","008.2","24","  8.5","24","  5.2","24","  9.9"," 18.1","  96.1"," ","  75.9"," "," 0.00","G","999.9","000000"
"72243012960","2018-06-23","29.98","-95.36","29.0","HOUSTON INTERCONTINENTAL AIRPORT, TX US","  85.3","24","  76.3","24","1010.3","23","006.8","24"," 10.0","24","  7.0","24"," 15.9"," 21.0","  96.1"," ","  77.0"," "," 0.00","G","999.9","000000"
"72243012960","2018-06-24","29.98","-95.36","29.0","HOUSTON INTERCONTINENTAL AIRPORT, TX US","  85.4","24","  76.4","24","1011.7","24","008.0","24"," 10.0","24","  9.3","24"," 15.9"," 24.1","  95.0"," ","  77.0"," "," 0.00","G","999.9","000000"
"72243012960","2018-06-25","29.98","-95.36","29.0","HOUSTON INTERCONTINENTAL AIRPORT, TX US","  83.9","24","  75.7","24","1014.4","22","010.9","24","  9.7","24","  8.9","24"," 19.0"," 27.0","  93.9"," ","  75.9"," "," 0.00","G","999.9","010010"
"72243012960","2018-06-26","29.98","-95.36","29.0","HOUSTON INTERCONTINENTAL AIRPORT, TX US","  84.3","24","  76.2","24","1016.6","24","012.8","24","  9.7","24","  6.1","24"," 14.0","999.9","  95.0"," ","  75.0"," "," 0.51","G","999.9","000000"
"72243012960","2018-06-27","29.98","-95.36","29.0","HOUSTON INTERCONTINENTAL AIRPORT, TX US","  85.5","24","  75.0","24","1015.5","24","011.7","24"," 10.0","24","  5.4","24"," 14.0","999.9","  95.0"," ","  75.0"," "," 0.00","G","999.9","000000"
"72243012960","2018-06-28","29.98","-95.36","29.0","HOUSTON INTERCONTINENTAL AIRPORT, TX US","  86.0","24","  75.6","24","1015.3","24","011.6","24"," 10.0","24","  6.5","24"," 15.0"," 18.1","  95.0"," ","  77.0"," "," 0.00","G","999.9","010010"
"72243012960","2018-06-29","29.98","-95.36","29.0","HOUSTON INTERCONTINENTAL AIRPORT, TX US","  86.0","24","  75.3","24","1015.3","24","011.5","24","  9.4","24","  7.2","24"," 13.0"," 17.1","  95.0"," ","  79.0"," "," 0.01","G","999.9","000000"
"72243012960","2018-06-30","29.98","-95.36","29.0","HOUSTON INTERCONTINENTAL AIRPORT, TX US","  86.1","24","  75.2","24","1014.7","24","011.0","24","  8.2","24","  7.6","24"," 12.0"," 14.0","  96.1"," ","  79.0"," "," 0.00","G","999.9","000000"
"72243012960","2018-07-01","29.98","-95.36","29.0","HOUSTON INTERCONTINENTAL AIRPORT, TX US","  85.7","24","  75.0","24","1014.3","24","010.6","24","  7.4","24","  6.7","24"," 14.0","999.9","  97.0"," ","  75.0"," "," 0.00","G","999.9","000000"
"72243012960","2018-07-02","29.98","-95.36","29.0","HOUSTON INTERCONTINENTAL AIRPORT, TX US","  86.0","24","  74.5","24","1014.8","23","011.3","24","  8.2","24","  4.5","24"," 13.0","999.9","  97.0"," ","  75.0"," "," 0.00","G","999.9","000000"
"72243012960","2018-07-03","29.98","-95.36","29.0","HOUSTON INTERCONTINENTAL AIRPORT, TX US","  86.3","24","  74.5","24","1014.1","22","010.5","24","  9.7","24","  4.8","24"," 11.1","999.9","  97.0"," ","  75.9"," "," 0.00","G","999.9","000000"
"72243012960","2018-07-04","29.98","-95.36","29.0","HOUSTON INTERCONTINENTAL AIRPORT, TX US","  77.6","24","  73.8","24","1015.1","17","011.6","24","  7.7","24","  5.5","24"," 15.0"," 24.1","  97.0"," ","  72.0"," "," 0.04","G","999.9","110010"
"72243012960","2018-07-05","29.98","-95.36","29.0","HOUSTON INTERCONTINENTAL AIRPORT, TX US","  80.1","24","  73.3","24","1019.5","24","015.7","24","  8.7","24","  5.0","24","  9.9","999.9","  93.9"," ","  72.0"," "," 4.15","G","999.9","000000"
"72243012960","2018-07-06","29.98","-95.36","29.0","HOUSTON INTERCONTINENTAL AIRPORT, TX US","  82.9","24","  74.0","24","1019.4","24","015.7","24","  9.9","24","  5.3","24"," 14.0"," 15.0","  93.9"," ","  72.0"," "," 0.05","G","999.9","010010"
"72243012960","2018-07-07","29.98","-95.36","29.0","HOUSTON INTERCONTINENTAL AIRPORT, TX US","  81.9","24","  74.8","24","1017.2","24","013.5","24"," 10.0","24","  4.9","24"," 13.0"," 24.1","  93.0"," ","  73.9"," "," 0.03","G","999.9","010010"
"72243012960","2018-07-08","29.98","-95.36","29.0","HOUSTON INTERCONTINENTAL AIRPORT, TX US","  77.6","24","  75.0","24","1017.3","24","013.5","24","  9.9","24","  4.0","24"," 15.9","999.9","  93.0"," ","  73.9"," "," 0.00","G","999.9","010010"
"72243012960","2018-07-09","29.98","-95.36","29.0","HOUSTON INTERCONTINENTAL AIRPORT, TX US","  78.7","24","  75.6","24","1019.8","21","016.2","24","  9.9","24","  1.8","24"," 11.1","999.9","  88.0"," ","  73.9"," "," 0.19","G","999.9","010010"
"72243012960","2018-07-10","29.98","-95.36","29.0","HOUSTON INTERCONTINENTAL AIRPORT, TX US","  81.4","24","  74.5","24","1020.1","23","016.4","24","  9.9","24","  3.6","24","  9.9","999.9","  93.0"," ","  73.0"," "," 0.00","G","999.9","000000"
"72243012960","2018-07-11","29.98","-95.36","29.0","HOUSTON INTERCONTINENTAL AIRPORT, TX US","  84.8","24","  74.7","24","1017.3","24","013.5","24","  9.9","24","  3.3","24","  8.9","999.9","  96.1"," ","  73.0"," "," 0.00","G","999.9","000000"
"72243012960","2018-07-12","29.98","-95.36","29.0","HOUSTON INTERCONTINENTAL AIRPORT, TX US","  85.2","24","  75.6","24","1016.6","24","012.9","24"," 10.0","24","  4.9","24"," 14.0","999.9","  96.1"," ","  77.0"," "," 0.00","G","999.9","010010"
"72243012960","2018-07-13","29.98","-95.36","29.0","HOUSTON INTERCONTINENTAL AIRPORT, TX US","  83.4","24","  75.0","24","1018.0","24","014.2","24"," 10.0","24","  3.6","24"," 12.0","999.9","  95.0"," ","  75.0"," "," 0.00","G","999.9","010010"
"72243012960","2018-07-14","29.98","-95.36","29.0","HOUSTON INTERCONTINENTAL AIRPORT, TX US","  85.3","24","  75.3","24","1017.8","23","014.1","24"," 10.0","24","  4.4","24"," 11.1"," 19.0","  95.0"," ","  75.0"," "," 0.00","G","999.9","010010"
"72243012960","2018-07-15","29.98","-95.36","29.0","HOUSTON INTERCONTINENTAL AIRPORT, TX US","  85.4","24","  76.2","24","1016.7","24","012.9","24","  9.6","24","  4.1","24","  8.9","999.9","  95.0"," ","  75.9"," "," 0.02","G","999.9","010000"
"72243012960","2018-07-16","29.98","-95.36","29.0","HOUSTON INTERCONTINENTAL AIRPORT, TX US","  86.3","24","  75.3","24","1016.5","24","012.8","24","  6.6","24","  4.3","24","  8.0","999.9","  97.0"," ","  75.9"," "," 0.00","G","999.9","000000"
"72243012960","2018-07-17","29.98","-95.36","29.0","HOUSTON INTERCONTINENTAL AIRPORT, TX US","  86.1","24","  74.8","24","1016.8","24","013.2","24","  8.3","24","  5.1","24","  8.9","999.9","  97.0"," ","  75.9"," "," 0.00","G","999.9","000000"
"72243012960","2018-07-18","29.98","-95.36","29.0","HOUSTON INTERCONTINENTAL AIRPORT, TX US","  87.2","24","  75.5","24","1015.3","24","011.6","24"," 10.0","24","  5.7","24","  9.9"," 15.0","  97.0"," ","  77.0"," "," 0.00","G","999.9","000000"
"72243012960","2018-07-19","29.98","-95.36","29.0","HOUSTON INTERCONTINENTAL AIRPORT, TX US","  87.5","24","  75.7","24","1013.2","24","009.5","24","  9.7","24","  6.3","24","  9.9"," 17.1","  98.1"," ","  79.0"," "," 0.00","G","999.9","000000"
"72243012960","2018-07-20","29.98","-95.36","29.0","HOUSTON INTERCONTINENTAL AIRPORT, TX US","  88.3","24","  75.1","24","1013.5","24","009.8","24","  9.7","24","  6.3","24"," 11.1"," 15.9","  99.0"," ","  80.1"," "," 0.00","G","999.9","000000"
"72243012960","2018-07-21","29.98","-95.36","29.0","HOUSTON INTERCONTINENTAL AIRPORT, TX US","  88.5","24","  75.5","24","1014.7","23","011.0","23","  9.9","24","  5.6","24","  9.9"," 14.0","  99.0"," ","  80.1"," "," 0.00","G","999.9","000000"
"72243012960","2018-07-22","29.98","-95.36","29.0","HOUSTON INTERCONTINENTAL AIRPORT, TX US","  88.6","24","  74.4","24","1013.7","22","010.1","24","  9.7","24","  7.1","24","  9.9"," 15.9"," 100.0"," ","  80.1"," "," 0.00","G","999.9","000000"
"72243012960","2018-07-23","29.98","-95.36","29.0","HOUSTON INTERCONTINENTAL AIRPORT, TX US","  89.0","24","  73.6","24","1011.5","24","007.7","24"," 10.0","24","  6.5","24","  9.9","999.9"," 100.9"," ","  80.1"," "," 0.00","G","999.9","000000"
"72243012960","2018-07-24","29.98","-95.36","29.0","HOUSTON INTERCONTINENTAL AIRPORT, TX US","  88.5","24","  73.6","24","1012.8","23","009.2","24","  9.9","24","  6.2","24"," 12.0","999.9"," 100.9"," ","  80.1"," "," 0.00","G","999.9","000000"
"72243012960","2018-07-25","29.98","-95.36","29.0","HOUSTON INTERCONTINENTAL AIRPORT, TX US","  84.7","24","  69.7","24","1015.5","24","011.7","24"," 10.0","24","  3.7","24"," 12.0"," 15.9","  97.0"," ","  73.9"," "," 0.00","G","999.9","000000"
"72243012960","2018-07-26","29.98","-95.36","29.0","HOUSTON INTERCONTINENTAL AIRPORT, TX US","  86.4","24","  69.4","24","1014.8","24","011.0","24"," 10.0","24","  4.6","24"," 13.0"," 15.9"," 100.0"," ","  73.9"," "," 0.00","G","999.9","000000"
"72243012960","2018-07-27","29.98","-95.36","29.0","HOUSTON INTERCONTINENTAL AIRPORT, TX US","  87.4","24","  69.1","24","1015.3","24","011.6","24","  9.9","24","  4.3","24"," 12.0","999.9"," 100.0"," ","  73.9"," "," 0.00","G","999.9","000000"
"72243012960","2018-07-28","29.98","-95.36","29.0","HOUSTON INTERCONTINENTAL AIRPORT, TX US","  87.3","24","  72.7","24","1016.3","24","012.5","24","  9.9","24","  4.3","24"," 11.1"," 15.0","  99.0"," ","  73.9"," "," 0.00","G","999.9","000000"
"72243012960","2018-07-29","29.98","-95.36","29.0","HOUSTON INTERCONTINENTAL AIRPORT, TX US","  87.9","24","  74.1","24","1015.4","24","011.5","24"," 10.0","24","  4.5","24"," 11.1","999.9"," 100.0"," ","  78.1"," "," 0.00","G","999.9","000000"
"72243012960","2018-07-30","29.98","-95.36","29.0","HOUSTON INTERCONTINENTAL AIRPORT, TX US","  87.9","24","  75.2","24","1014.1","24","010.3","24","  9.7","24","  6.0","24"," 13.0","999.9"," 100.0"," ","  79.0"," "," 0.00","G","999.9","000000"
"72243012960","2018-07-31","29.98","-95.36","29.0","HOUSTON INTERCONTINENTAL AIRPORT, TX US","  82.7","24","  76.1","24","1014.0","18","010.6","24","  9.2","24","  5.2","24"," 31.1"," 38.1","  98.1"," ","  73.0"," "," 0.00","G","999.9","010010"
"72243012960","2018-08-01","29.98","-95.36","29.0","HOUSTON INTERCONTINENTAL AIRPORT, TX US","  80.9","24","  71.3","24","1014.7","24","010.9","24","  8.9","24","  3.2","24","  9.9"," 17.1","  93.9"," ","  72.0"," "," 1.56","G","999.9","100000"
"72243012960","2018-08-02","29.98","-95.36","29.0","HOUSTON INTERCONTINENTAL AIRPORT, TX US","  82.9","24","  66.9","24","1014.9","24","011.1","24"," 10.0","24","  3.0","24","  7.0","999.9","  96.1"," ","  71.1"," "," 0.00","G","999.9","000000"
"72243012960","2018-08-03","29.98","-95.36","29.0","HOUSTON INTERCONTINENTAL AIRPORT, TX US","  83.6","24","  69.8","24","1015.6","24","011.9","24","  9.9","24","  4.0","24"," 12.0","999.9","  96.1"," ","  72.0"," "," 0.00","G","999.9","000000"
"72243012960","2018-08-04","29.98","-95.36","29.0","HOUSTON INTERCONTINENTAL AIRPORT, TX US","  82.3","24","  74.4","24","1016.1","24","012.5","24","  9.9","24","  6.4","24"," 15.9"," 18.1","  95.0"," ","  73.0"," "," 0.00","G","999.9","010010"
"72243012960","2018-08-05","29.98","-95.36","29.0","HOUSTON INTERCONTINENTAL AIRPORT, TX US","  81.6","24","  74.3","24","1018.5","24","014.8","24"," 10.0","24","  6.2","24"," 14.0"," 19.0","  93.0"," ","  73.9"," "," 0.04","G","999.9","000000"
"72243012960","2018-08-06","29.98","-95.36","29.0","HOUSTON INTERCONTINENTAL AIRPORT, TX US","  82.4","24","  76.8","24","1018.4","22","014.8","24","  9.6","24","  5.9","24"," 12.0"," 18.1","  93.0"," ","  73.9"," "," 0.04","G","999.9","010010"
"72243012960","2018-08-07","29.98","-95.36","29.0","HOUSTON INTERCONTINENTAL AIRPORT, TX US","  82.3","24","  75.9","24","1017.3","24","013.5","24"," 10.0","24","  4.5","24"," 15.0","999.9","  93.9"," ","  75.0"," "," 0.47","G","999.9","110000"
"72243012960","2018-08-08","29.98","-95.36","29.0","HOUSTON INTERCONTINENTAL AIRPORT, TX US","  83.5","24","  75.6","24","1016.0","23","012.3","24"," 10.0","24","  4.5","24"," 15.0"," 21.0","  96.1"," ","  75.0"," "," 0.00","G","999.9","010010"
"72243012960","2018-08-09","29.98","-95.36","29.0","HOUSTON INTERCONTINENTAL AIRPORT, TX US","  81.7","24","  75.2","24","1016.0","24","012.2","24","  9.9","24","  3.5","24"," 20.0","999.9","  96.1"," ","  75.0"," "," 0.00","G","999.9","010010"
"72243012960","2018-08-10","29.98","-95.36","29.0","HOUSTON INTERCONTINENTAL AIRPORT, TX US","  83.3","24","  76.3","24","1015.9","24","012.2","24","  9.9","24","  5.2","24"," 14.0"," 15.0","  96.1"," ","  75.0"," "," 0.01","G","999.9","010010"
"72243012960","2018-08-11","29.98","-95.36","29.0","HOUSTON INTERCONTINENTAL AIRPORT, TX US","  78.7","24","  75.8","24","1016.0","21","012.1","24","  9.7","24","  3.2","24"," 19.0"," 25.1","  96.1"," ","  75.0"," "," 0.14","G","999.9","010010"
"72243012960","2018-08-12","29.98","-95.36","29.0","HOUSTON INTERCONTINENTAL AIRPORT, TX US","  81.7","24","  76.9","24","1016.3","24","012.7","24","  9.2","24","  4.4","24"," 11.1"," 19.0","  93.0"," ","  75.0"," "," 0.09","G","999.9","010010"
"72243012960","2018-08-13","29.98","-95.36","29.0","HOUSTON INTERCONTINENTAL AIRPORT, TX US","  84.8","24","  75.6","24","1016.5","24","012.8","24","  7.5","24","  6.1","24"," 13.0"," 15.0","  95.0"," ","  75.0"," "," 0.00","G","999.9","000000"
"72243012960","2018-08-14","29.98","-95.36","29.0","HOUSTON INTERCONTINENTAL AIRPORT, TX US","  84.3","24","  74.6","24","1015.2","24","011.5","24","  9.2","24","  7.4","24"," 13.0"," 18.1","  95.0"," ","  73.9"," "," 0.00","G","999.9","000000"
"72243012960","2018-08-15","29.98","-95.36","29.0","HOUSTON INTERCONTINENTAL AIRPORT, TX US","  84.6","24","  76.1","24","1015.0","24","011.2","24","  9.9","24","  6.2","24"," 15.0"," 19.0","  95.0"," ","  73.9"," "," 0.00","G","999.9","000000"
"72243012960","2018-08-16","29.98","-95.36","29.0","HOUSTON INTERCONTINENTAL AIRPORT, TX US","  85.9","24","  76.8","24","1016.2","24","012.5","24"," 10.0","24","  5.5","24"," 15.0"," 26.0","  97.0"," ","  77.0"," "," 0.00","G","999.9","010010"
"72243012960","2018-08-17","29.98","-95.36","29.0","HOUSTON INTERCONTINENTAL AIRPORT, TX US","  86.0","24","  77.2","24","1017.4","24","013.7","24"," 10.0","24","  5.6","24"," 15.9","999.9","  97.0"," ","  77.0"," "," 0.00","G","999.9","000000"
"72243012960","2018-08-18","29.98","-95.36","29.0","HOUSTON INTERCONTINENTAL AIRPORT, TX US","  86.7","24","  76.3","24","1016.1","24","012.4","24"," 10.0","24","  5.5","24"," 14.0"," 22.0","  97.0"," ","  77.0"," "," 0.00","G","999.9","010010"
"72243012960","2018-08-19","29.98","-95.36","29.0","HOUSTON INTERCONTINENTAL AIRPORT, TX US","  86.8","24","  75.8","24","1012.9","24","009.1","24"," 10.0","24","  5.7","24","  8.9"," 14.0","  97.0"," ","  79.0"," "," 0.00","G","999.9","010010"
"72243012960","2018-08-20","29.98","-95.36","29.0","HOUSTON INTERCONTINENTAL AIRPORT, TX US","  87.0","24","  76.4","24","1014.1","24","010.4","24"," 10.0","24","  6.5","24"," 15.0","999.9","  98.1"," ","  80.1"," "," 0.00","G","999.9","000000"
"72243012960","2018-08-21","29.98","-95.36","29.0","HOUSTON INTERCONTINENTAL AIRPORT, TX US","  87.6","24","  76.8","24","1016.6","22","013.2","24"," 10.0","24","  5.3","24","  8.9","999.9"," 100.0"," ","  81.0"," "," 0.00","G","999.9","000000"
"72243012960","2018-08-22","29.98","-95.36","29.0","HOUSTON INTERCONTINENTAL AIRPORT, TX US","  86.2","24","  74.9","24","1018.4","23","014.6","24","  9.8","24","  5.5","24"," 17.1"," 25.1"," 100.0"," ","  75.9"," "," 0.05","G","999.9","010010"
"72243012960","2018-08-23","29.98","-95.36","29.0","HOUSTON INTERCONTINENTAL AIRPORT, TX US","  85.9","24","  75.7","24","1017.2","24","013.4","24"," 10.0","24","  4.8","24"," 11.1","999.9","  99.0"," ","  77.0"," "," 0.00","G","999.9","000000"
"72243012960","2018-08-24","29.98","-95.36","29.0","HOUSTON INTERCONTINENTAL AIRPORT, TX US","  85.7","24","  74.5","24","1014.4","24","010.6","24"," 10.0","24","  5.2","24"," 13.0","999.9","  96.1"," ","  75.9"," "," 0.00","G","999.9","000000"
"72243012960","2018-08-25","29.98","-95.36","29.0","HOUSTON INTERCONTINENTAL AIRPORT, TX US","  85.5","24","  75.6","24","1015.3","24","011.6","24","  9.9","24","  5.4","24"," 15.9"," 22.0","  96.1"," ","  75.0"," "," 0.00","G","999.9","000000"
"72243012960","2018-08-26","29.98","-95.36","29.0","HOUSTON INTERCONTINENTAL AIRPORT, TX US","  84.7","24","  76.3","24","1016.9","24","013.1","24","  9.9","24","  5.2","24"," 15.0","999.9","  96.1"," ","  75.0"," "," 0.00","G","999.9","000000"
"72243012960","2018-08-27","29.98","-95.36","29.0","HOUSTON INTERCONTINENTAL AIRPORT, TX US","  84.4","24","  76.6","24","1015.4","23","011.5","24"," 10.0","24","  6.4","24"," 13.0","999.9","  95.0"," ","  77.0"," "," 0.00","G","999.9","000010"
"72243012960","2018-08-28","29.98","-95.36","29.0","HOUSTON INTERCONTINENTAL AIRPORT, TX US","  84.8","24","  77.1","24","1014.5","24","010.8","24"," 10.0","24","  6.2","24"," 15.0"," 22.0","  97.0"," ","  77.0"," "," 0.00","G","999.9","010010"
"72243012960","2018-08-29","29.98","-95.36","29.0","HOUSTON INTERCONTINENTAL AIRPORT, TX US","  81.1","24","  76.6","24","1015.9","23","012.4","24","  9.9","24","  5.6","24"," 21.0"," 27.0","  97.0"," ","  75.9"," "," 0.00","G","999.9","010010"
"72243012960","2018-08-30","29.98","-95.36","29.0","HOUSTON INTERCONTINENTAL AIRPORT, TX US","  81.0","24","  74.4","24","1016.2","23","012.5","24"," 10.0","24","  5.6","24"," 15.9"," 21.0","  93.0"," ","  72.0"," "," 0.01","G","999.9","000000"
"72243012960","2018-08-31","29.98","-95.36","29.0","HOUSTON INTERCONTINENTAL AIRPORT, TX US","  83.8","24","  74.8","24","1014.0","24","010.2","24"," 10.0","24","  5.1","24"," 12.0"," 17.1","  96.1"," ","  72.0"," "," 0.00","G","999.9","000000"
"72243012960","2018-09-01","29.98","-95.36","29.0","HOUSTON INTERCONTINENTAL AIRPORT, TX US","  82.0","24","  76.3","24","1012.4","22","008.9","24"," 10.0","24","  5.5","24"," 14.0","999.9","  96.1"," ","  75.9"," "," 0.00","G","999.9","010010"
"72243012960","2018-09-02","29.98","-95.36","29.0","HOUSTON INTERCONTINENTAL AIRPORT, TX US","  79.1","24","  77.2","24","1012.2","21","008.5","24","  8.1","24","  6.2","24"," 12.0","999.9","  91.0"," ","  75.9"," "," 0.19","G","999.9","010010"
"72243012960","2018-09-03","29.98","-95.36","29.0","HOUSTON INTERCONTINENTAL AIRPORT, TX US","  76.7","24","  76.6","24","1013.4","17","009.6","24","  8.2","24","  6.5","24"," 12.0","999.9","  84.0"," ","  75.9"," "," 0.67","G","999.9","010000"
"72243012960","2018-09-04","29.98","-95.36","29.0","HOUSTON INTERCONTINENTAL AIRPORT, TX US","  79.0","24","  76.6","24","1014.4","19","010.9","24"," 10.0","24","  8.3","24"," 15.0"," 25.1","  88.0"," ","  75.0"," "," 0.33","G","999.9","010000"
"72243012960","2018-09-05","29.98","-95.36","29.0","HOUSTON INTERCONTINENTAL AIRPORT, TX US","  81.9","24","  76.5","24","1014.9","24","011.1","24"," 10.0","24","  6.0","24"," 12.0","999.9","  91.9"," ","  75.0"," "," 0.26","G","999.9","000000"
"72243012960","2018-09-06","29.98","-95.36","29.0","HOUSTON INTERCONTINENTAL AIRPORT, TX US","  83.3","24","  75.8","24","1015.9","24","012.2","24"," 10.0","24","  4.0","24"," 11.1","999.9","  91.9"," ","  75.9"," "," 0.00","G","999.9","000000"
"72243012960","2018-09-07","29.98","-95.36","29.0","HOUSTON INTERCONTINENTAL AIRPORT, TX US","  82.1","24","  76.1","24","1015.3","24","011.6","24","  9.6","24","  2.7","24"," 20.0"," 27.0","  91.9"," ","  75.0"," "," 0.00","G","999.9","010010"
"72243012960","2018-09-08","29.98","-95.36","29.0","HOUSTON INTERCONTINENTAL AIRPORT, TX US","  82.8","24","  75.8","24","1012.5","24","008.8","24"," 10.0","24","  3.7","24","  8.0","999.9","  93.0"," ","  75.0"," "," 1.33","G","999.9","010010"
"72243012960","2018-09-09","29.98","-95.36","29.0","HOUSTON INTERCONTINENTAL AIRPORT, TX US","  78.2","24","  75.2","24","1010.8","22","007.1","24","  9.7","24","  3.4","24","  9.9"," 18.1","  93.0"," ","  73.9"," "," 0.04","G","999.9","010010"
"72243012960","2018-09-10","29.98","-95.36","29.0","HOUSTON INTERCONTINENTAL AIRPORT, TX US","  76.2","24","  75.3","24","1011.9","20","008.2","24","  7.7","24","  3.1","24"," 13.0","999.9","  89.1"," ","  73.9"," "," 0.01","G","999.9","010010"
"72243012960","2018-09-11","29.98","-95.36","29.0","HOUSTON INTERCONTINENTAL AIRPORT, TX US","  75.7","24","  74.5","24","1013.9","17","009.8","24","  9.2","24","  7.0","24"," 12.0","999.9","  80.1"," ","  73.0"," "," 0.48","G","999.9","010000"
"72243012960","2018-09-12","29.98","-95.36","29.0","HOUSTON INTERCONTINENTAL AIRPORT, TX US","  78.1","24","  75.5","24","1014.5","16","010.7","24","  9.5","24","  7.9","24"," 14.0","999.9","  84.9"," ","  73.0"," "," 0.03","G","999.9","000000"
"72243012960","2018-09-13","29.98","-95.36","29.0","HOUSTON INTERCONTINENTAL AIRPORT, TX US","  78.7","24","  75.1","24","1014.7","22","010.9","24","  9.7","24","  8.5","24"," 20.0"," 22.9","  86.0"," ","  73.9"," "," 0.46","G","999.9","010000"
"72243012960","2018-09-14","29.98","-95.36","29.0","HOUSTON INTERCONTINENTAL AIRPORT, TX US","  77.0","24","  75.6","24","1014.4","20","010.7","24","  8.2","24","  7.7","24"," 12.0","999.9","  86.0"," ","  73.9"," "," 0.56","G","999.9","010000"
"72243012960","2018-09-15","29.98","-95.36","29.0","HOUSTON INTERCONTINENTAL AIRPORT, TX US","  80.1","24","  75.3","24","1014.2","21","010.3","24"," 10.0","24","  7.2","24"," 13.0"," 15.9","  91.9"," ","  73.9"," "," 0.66","G","999.9","010000"
"72243012960","2018-09-16","29.98","-95.36","29.0","HOUSTON INTERCONTINENTAL AIRPORT, TX US","  81.8","24","  75.8","24","1013.0","22","009.5","23"," 10.0","24","  1.7","24","  8.0","999.9","  95.0"," ","  73.0"," "," 0.00","G","999.9","000000"
"72243012960","2018-09-17","29.98","-95.36","29.0","HOUSTON INTERCONTINENTAL AIRPORT, TX US","  84.2","24","  75.0","24","1013.6","24","009.9","24"," 10.0","24","  3.5","24","  6.0","999.9","  95.0"," ","  73.0"," "," 0.00","G","999.9","000000"
"72243012960","2018-09-18","29.98","-95.36","29.0","HOUSTON INTERCONTINENTAL AIRPORT, TX US","  85.5","24","  75.6","24","1014.1","24","010.5","24"," 10.0","24","  3.1","24","  7.0","999.9","  96.1"," ","  78.1"," "," 0.00","G","999.9","000000"
"72243012960","2018-09-19","29.98","-95.36","29.0","HOUSTON INTERCONTINENTAL AIRPORT, TX US","  85.1","24","  75.9","24","1013.5","24","009.7","24"," 10.0","24","  3.9","24","  9.9","999.9","  96.1"," ","  75.0"," "," 0.00","G","999.9","000000"
"72243012960","2018-09-20","29.98","-95.36","29.0","HOUSTON INTERCONTINENTAL AIRPORT, TX US","  80.0","24","  76.4","24","1013.8","20","010.2","24","  9.1","24","  4.9","24"," 22.0"," 28.9","  93.9"," ","  73.9"," "," 0.00","G","999.9","010010"
"72243012960","2018-09-21","29.98","-95.36","29.0","HOUSTON INTERCONTINENTAL AIRPORT, TX US","  80.5","24","  78.6","24","1014.0","23","010.2","24","  9.4","24","  5.1","24"," 25.1"," 31.1","  90.0"," ","  73.9"," "," 0.69","G","999.9","010010"
"72243012960","2018-09-22","29.98","-95.36","29.0","HOUSTON INTERCONTINENTAL AIRPORT, TX US","  79.3","24","  78.4","24","1013.2","17","009.5","24","  8.5","24","  4.4","24"," 18.1"," 24.1","  88.0"," ","  73.9"," "," 0.41","G","999.9","010010"
"72243012960","2018-09-23","29.98","-95.36","29.0","HOUSTON INTERCONTINENTAL AIRPORT, TX US","  76.1","24","  72.4","24","1012.0","22","008.3","24","  9.5","24","  5.2","24"," 11.1"," 17.1","  86.0"," ","  70.0"," "," 1.22","G","999.9","010010"
"72243012960","2018-09-24","29.98","-95.36","29.0","HOUSTON INTERCONTINENTAL AIRPORT, TX US","  78.2","24","  71.0","24","1012.3","24","008.6","23"," 10.0","24","  3.2","24","  8.9","999.9","  89.1"," ","  70.0"," "," 0.47","G","999.9","000000"
"72243012960","2018-09-25","29.98","-95.36","29.0","HOUSTON INTERCONTINENTAL AIRPORT, TX US","  80.5","24","  74.7","24","1013.5","24","009.8","24"," 10.0","24","  4.9","24"," 11.1"," 15.0","  89.1"," ","  70.0"," "," 0.00","G","999.9","100000"
"72243012960","2018-09-26","29.98","-95.36","29.0","HOUSTON INTERCONTINENTAL AIRPORT, TX US","  79.9","24","  76.5","24","1015.3","23","011.6","24","  9.5","24","  3.7","24","  9.9"," 19.0","  89.1"," ","  73.0"," "," 0.16","G","999.9","110010"
"72243012960","2018-09-27","29.98","-95.36","29.0","HOUSTON INTERCONTINENTAL AIRPORT, TX US","  74.9","24","  71.8","24","1015.6","22","012.1","24","  9.6","24","  5.7","24","  9.9","999.9","  89.1"," ","  70.0"," "," 0.24","G","999.9","010000"
"72243012960","2018-09-28","29.98","-95.36","29.0","HOUSTON INTERCONTINENTAL AIRPORT, TX US","  74.0","24","  70.9","24","1017.2","22","013.4","24","  8.5","24","  5.4","24","  9.9","999.9","  82.0"," ","  69.1"," "," 0.00","G","999.9","000000"
"72243012960","2018-09-29","29.98","-95.36","29.0","HOUSTON INTERCONTINENTAL AIRPORT, TX US","  75.9","24","  74.9","24","1018.7","16","015.2","24","  7.2","24","  7.0","24"," 19.0","999.9","  82.0"," ","  69.1"," "," 0.01","G","999.9","110010"
"72243012960","2018-09-30","29.98","-95.36","29.0","HOUSTON INTERCONTINENTAL AIRPORT, TX US","  76.4","24","  74.0","24","1018.8","17","015.1","24","  8.1","24","  6.1","24"," 11.1","999.9","  84.9"," ","  72.0"," "," 0.83","G","999.9","000000"
"72243012960","2018-10-01","29.98","-95.36","29.0","HOUSTON INTERCONTINENTAL AIRPORT, TX US","  76.9","24","  73.9","24","1019.0","21","015.4","24","  9.3","24","  5.8","24"," 13.0"," 20.0","  84.9"," ","  72.0"," "," 0.00","G","999.9","010010"
"72243012960","2018-10-02","29.98","-95.36","29.0","HOUSTON INTERCONTINENTAL AIRPORT, TX US","  77.7","24","  74.5","24","1018.9","19","015.2","24","  9.1","24","  4.9","24"," 11.1","999.9","  90.0"," ","  72.0"," "," 0.90","G","999.9","010010"
"72243012960","2018-10-03","29.98","-95.36","29.0","HOUSTON INTERCONTINENTAL AIRPORT, TX US","  79.9","24","  76.9","24","1016.9","17","012.8","24","  6.5","24","  2.9","24","  9.9","999.9","  90.0"," ","  72.0"," "," 0.00","G","999.9","110010"
"72243012960","2018-10-04","29.98","-95.36","29.0","HOUSTON INTERCONTINENTAL AIRPORT, TX US","  81.1","24","  75.7","24","1015.8","24","012.1","24","  9.7","24","  3.3","24","  8.9","999.9","  91.0"," ","  73.9"," "," 0.03","G","999.9","100000"
"72243012960","2018-10-05","29.98","-95.36","29.0","HOUSTON INTERCONTINENTAL AIRPORT, TX US","  80.7","24","  76.0","24","1015.1","24","011.3","24","  8.7","24","  5.6","24"," 14.0"," 15.9","  91.0"," ","  73.9"," "," 0.00","G","999.9","100000"
"72243012960","2018-10-06","29.98","-95.36","29.0","HOUSTON INTERCONTINENTAL AIRPORT, TX US","  81.6","24","  75.1","24","1013.8","24","010.0","24"," 10.0","24","  5.5","24"," 13.0","999.9","  91.0"," ","  73.9"," "," 0.00","G","999.9","000000"
"72243012960","2018-10-07","29.98","-95.36","29.0","HOUSTON INTERCONTINENTAL AIRPORT, TX US","  81.4","24","  76.6","24","1013.4","24","009.6","24"," 10.0","24","  8.2","24"," 20.0"," 26.0","  91.0"," ","  73.9"," "," 0.00","G","999.9","000000"
"72243012960","2018-10-08","29.98","-95.36","29.0","HOUSTON INTERCONTINENTAL AIRPORT, TX US","  79.2","24","  75.4","24","1011.3","24","007.5","24"," 10.0","24","  8.0","24"," 17.1"," 22.9","  90.0"," ","  73.0"," "," 0.02","G","999.9","010010"
"72243012960","2018-10-09","29.98","-95.36","29.0","HOUSTON INTERCONTINENTAL AIRPORT, TX US","  79.8","24","  76.2","24","1007.1","18","003.4","24","  9.0","24","  8.3","24"," 17.1","999.9","  89.1"," ","  73.0"," "," 0.34","G","999.9","010000"
"72243012960","2018-10-10","29.98","-95.36","29.0","HOUSTON INTERCONTINENTAL AIRPORT, TX US","  76.6","24","  71.1","24","1009.8","19","005.6","24","  9.8","24","  7.2","24"," 20.0"," 28.9","  89.1"," ","  71.1"," "," 0.10","G","999.9","010010"
"72243012960","2018-10-11","29.98","-95.36","29.0","HOUSTON INTERCONTINENTAL AIRPORT, TX US","  71.3","24","  62.1","24","1015.6","24","011.9","24"," 10.0","24","  5.4","24"," 14.0","999.9","  84.9"," ","  63.0"," "," 0.00","G","999.9","000000"
"72243012960","2018-10-12","29.98","-95.36","29.0","HOUSTON INTERCONTINENTAL AIRPORT, TX US","  71.2","24","  62.5","24","1015.4","24","011.5","24"," 10.0","24","  6.8","24"," 12.0"," 15.9","  84.0"," ","  60.1"," "," 0.00","G","999.9","000000"
"72243012960","2018-10-13","29.98","-95.36","29.0","HOUSTON INTERCONTINENTAL AIRPORT, TX US","  78.0","24","  71.6","24","1010.7","24","006.7","24"," 10.0","24","  7.9","24"," 17.1"," 25.1","  89.1"," ","  60.1"," "," 0.00","G","999.9","000000"
"72243012960","2018-10-14","29.98","-95.36","29.0","HOUSTON INTERCONTINENTAL AIRPORT, TX US","  82.5","24","  74.1","24","1010.1","24","006.5","24"," 10.0","24","  8.0","24"," 13.0"," 15.9","  91.0"," ","  70.0"," "," 0.00","G","999.9","000000"
"72243012960","2018-10-15","29.98","-95.36","29.0","HOUSTON INTERCONTINENTAL AIRPORT, TX US","  70.2","24","  68.5","24","1014.6","19","011.2","24","  9.2","24","  8.1","24"," 18.1"," 24.1","  91.0"," ","  55.9"," "," 0.00","G","999.9","010010"
"72243012960","2018-10-16","29.98","-95.36","29.0","HOUSTON INTERCONTINENTAL AIRPORT, TX US","  58.1","24","  57.3","24","1018.5","22","014.8","24","  5.9","24"," 10.1","24"," 14.0","999.9","  60.1","*","  55.0","*"," 0.97","G","999.9","010000"
"72243012960","2018-10-17","29.98","-95.36","29.0","HOUSTON INTERCONTINENTAL AIRPORT, TX US","  59.0","24","  57.5","24","1021.7","21","017.9","24","  6.9","24","  8.8","24"," 13.0","999.9","  64.0"," ","  55.9"," "," 0.00","G","999.9","010000"
"72243012960","2018-10-18","29.98","-95.36","29.0","HOUSTON INTERCONTINENTAL AIRPORT, TX US","  62.4","24","  58.2","24","1023.8","23","019.9","24","  8.1","24","  9.4","24"," 12.0","999.9","  73.9"," ","  55.9"," "," 1.02","G","999.9","110000"
"72243012960","2018-10-19","29.98","-95.36","29.0","HOUSTON INTERCONTINENTAL AIRPORT, TX US","  70.7","24","  65.0","24","1020.9","23","017.0","24"," 10.0","24","  6.5","24"," 11.1","999.9","  81.0"," ","  55.9"," "," 0.00","H","999.9","010000"
"72243012960","2018-10-20","29.98","-95.36","29.0","HOUSTON INTERCONTINENTAL AIRPORT, TX US","  69.6","24","  68.5","24","1019.0","16","015.1","24","  8.4","24","  7.2","24"," 15.0","999.9","  81.0"," ","  64.0"," "," 0.55","G","999.9","010010"
"72243012960","2018-10-21","29.98","-95.36","29.0","HOUSTON INTERCONTINENTAL AIRPORT, TX US","  65.4","24","  56.2","24","1022.9","24","019.1","24","  9.5","24","  9.4","24"," 15.0"," 20.0","  73.0"," ","  57.9"," "," 0.03","G","999.9","000000"
"72243012960","2018-10-22","29.98","-95.36","29.0","HOUSTON INTERCONTINENTAL AIRPORT, TX US","  59.1","24","  50.9","24","1021.7","24","017.8","24"," 10.0","24","  5.3","24","  8.9","999.9","  73.0"," ","  51.1"," "," 0.00","G","999.9","000000"
"72243012960","2018-10-23","29.98","-95.36","29.0","HOUSTON INTERCONTINENTAL AIRPORT, TX US","  58.7","24","  54.4","24","1020.6","24","016.7","24","  9.3","24","  7.6","24"," 11.1","999.9","  64.9"," ","  51.1"," "," 0.02","G","999.9","010000"
"72243012960","2018-10-24","29.98","-95.36","29.0","HOUSTON INTERCONTINENTAL AIRPORT, TX US","  64.1","24","  61.3","24","1017.3","23","013.1","24","  8.4","24","  8.5","24"," 12.0"," 18.1","  69.1"," ","  55.9"," "," 0.38","G","999.9","010000"
"72243012960","2018-10-25","29.98","-95.36","29.0","HOUSTON INTERCONTINENTAL AIRPORT, TX US","  64.9","24","  62.4","24","1012.1","21","008.3","24","  6.5","24","  7.4","24"," 12.0"," 18.1","  66.9","*","  60.8","*"," 0.40","G","999.9","010000"
"72243012960","2018-10-26","29.98","-95.36","29.0","HOUSTON INTERCONTINENTAL AIRPORT, TX US","  62.9","24","  56.8","24","1013.8","24","010.0","24"," 10.0","24","  5.4","24"," 11.1"," 15.0","  77.0"," ","  54.0"," "," 0.15","G","999.9","000000"
"72243012960","2018-10-27","29.98","-95.36","29.0","HOUSTON INTERCONTINENTAL AIRPORT, TX US","  65.5","24","  57.7","24","1016.7","24","012.9","24","  9.9","24","  2.7","24","  9.9","999.9","  82.0"," ","  53.1"," "," 0.00","G","999.9","000000"
"72243012960","2018-10-28","29.98","-95.36","29.0","HOUSTON INTERCONTINENTAL AIRPORT, TX US","  71.1","24","  62.0","24","1019.3","22","015.8","24","  9.5","24","  5.1","24","  8.9","999.9","  84.9"," ","  53.1"," "," 0.00","G","999.9","000000"
"72243012960","2018-10-29","29.98","-95.36","29.0","HOUSTON INTERCONTINENTAL AIRPORT, TX US","  71.8","24","  63.2","24","1019.8","23","016.0","24","  9.5","24","  3.8","24"," 11.1"," 15.9","  86.0"," ","  60.1"," "," 0.00","G","999.9","100000"
"72243012960","2018-10-30","29.98","-95.36","29.0","HOUSTON INTERCONTINENTAL AIRPORT, TX US","  74.0","24","  65.7","24","1016.3","24","012.3","24"," 10.0","24","  6.8","24"," 13.0"," 24.1","  86.0"," ","  60.1"," "," 0.00","G","999.9","000000"
"72243012960","2018-10-31","29.98","-95.36","29.0","HOUSTON INTERCONTINENTAL AIRPORT, TX US","  74.0","24","  70.5","24","1012.9","21","008.6","24","  9.0","24","  6.5","24"," 19.0"," 25.1","  84.9"," ","  64.9"," "," 0.00","G","999.9","010010"
"72243012960","2018-11-01","29.98","-95.36","29.0","HOUSTON INTERCONTINENTAL AIRPORT, TX US","  63.3","24","  57.4","24","1010.6","21","006.6","24","  9.1","24","  9.7","24"," 25.1"," 34.0","  77.0"," ","  57.0"," "," 2.26","G","999.9","010010"
"72243012960","2018-11-02","29.98","-95.36","29.0","HOUSTON INTERCONTINENTAL AIRPORT, TX US","  58.8","24","  47.6","24","1017.9","24","014.0","24"," 10.0","24","  3.8","24","  8.0"," 15.0","  73.0"," ","  48.0"," "," 0.00","G","999.9","000000"
"72243012960","2018-11-03","29.98","-95.36","29.0","HOUSTON INTERCONTINENTAL AIRPORT, TX US","  63.8","24","  52.3","24","1016.2","24","012.3","24"," 10.0","24","  7.1","24"," 15.9"," 25.1","  78.1"," ","  48.0"," "," 0.00","G","999.9","000000"
"72243012960","2018-11-04","29.98","-95.36","29.0","HOUSTON INTERCONTINENTAL AIRPORT, TX US","  68.8","24","  62.5","24","1015.7","23","012.0","24","  9.4","24","  5.8","24"," 13.0"," 22.0","  78.1"," ","  50.0"," "," 0.00","G","999.9","010000"
"72243012960","2018-11-05","29.98","-95.36","29.0","HOUSTON INTERCONTINENTAL AIRPORT, TX US","  69.8","24","  66.1","24","1012.0","22","008.0","24","  9.5","24","  6.2","24"," 14.0"," 22.0","  86.0"," ","  61.0"," "," 0.71","G","999.9","010000"
"72243012960","2018-11-06","29.98","-95.36","29.0","HOUSTON INTERCONTINENTAL AIRPORT, TX US","  79.2","24","  74.9","24","1010.8","20","006.9","24","  9.0","24","  4.1","24","  8.9","999.9","  88.0"," ","  61.0"," "," 0.03","G","999.9","100000"
"72243012960","2018-11-07","29.98","-95.36","29.0","HOUSTON INTERCONTINENTAL AIRPORT, TX US","  80.0","24","  75.8","24","1011.9","20","008.3","24","  6.8","24","  4.6","24"," 13.0","999.9","  89.1"," ","  73.9"," "," 0.00","G","999.9","100000"
"72243012960","2018-11-08","29.98","-95.36","29.0","HOUSTON INTERCONTINENTAL AIRPORT, TX US","  69.2","24","  67.7","24","1014.3","17","010.7","24","  5.2","24","  6.7","24","  8.9","999.9","  89.1"," ","  64.0"," "," 0.00","G","999.9","110010"
"72243012960","2018-11-09","29.98","-95.36","29.0","HOUSTON INTERCONTINENTAL AIRPORT, TX US","  59.4","24","  57.7","24","1018.8","20","015.4","24","  6.9","24"," 10.9","24"," 18.1"," 27.0","  71.1"," ","  53.1"," "," 0.13","G","999.9","010010"
"72243012960","2018-11-10","29.98","-95.36","29.0","HOUSTON INTERCONTINENTAL AIRPORT, TX US","  49.1","24","  42.1","24","1027.5","24","023.4","24"," 10.0","24","  8.1","24"," 12.0"," 18.1","  64.0"," ","  46.9"," "," 0.03","G","999.9","010000"
"72243012960","2018-11-11","29.98","-95.36","29.0","HOUSTON INTERCONTINENTAL AIRPORT, TX US","  50.1","24","  45.9","24","1022.5","20","018.0","24","  9.3","24","  6.2","24"," 11.1","999.9","  57.9"," ","  46.0"," "," 0.00","G","999.9","010010"
"72243012960","2018-11-12","29.98","-95.36","29.0","HOUSTON INTERCONTINENTAL AIRPORT, TX US","  52.4","24","  51.6","24","1016.2","18","012.3","24","  6.6","24"," 10.4","24"," 19.0"," 26.0","  57.9"," ","  46.0"," "," 0.13","G","999.9","010000"
"72243012960","2018-11-13","29.98","-95.36","29.0","HOUSTON INTERCONTINENTAL AIRPORT, TX US","  41.4","24","  35.1","24","1028.5","24","024.5","24"," 10.0","24"," 14.6","24"," 21.0"," 28.9","  55.0"," ","  37.9"," "," 0.06","G","999.9","001000"
"72243012960","2018-11-14","29.98","-95.36","29.0","HOUSTON INTERCONTINENTAL AIRPORT, TX US","  39.4","24","  26.8","24","1031.6","24","027.7","24"," 10.0","24","  7.8","24"," 12.0"," 17.1","  53.1"," ","  30.9"," "," 0.00","G","999.9","000000"
"72243012960","2018-11-15","29.98","-95.36","29.0","HOUSTON INTERCONTINENTAL AIRPORT, TX US","  43.3","24","  28.8","24","1027.2","24","023.0","24"," 10.0","24","  2.2","24","  6.0","999.9","  61.0"," ","  30.0"," "," 0.00","G","999.9","000000"
"72243012960","2018-11-16","29.98","-95.36","29.0","HOUSTON INTERCONTINENTAL AIRPORT, TX US","  51.5","24","  40.7","24","1023.3","24","019.3","24"," 10.0","24","  2.5","24","  7.0","999.9","  69.1","*","  37.9","*"," 0.00","G","999.9","000000"
"72243012960","2018-11-17","29.98","-95.36","29.0","HOUSTON INTERCONTINENTAL AIRPORT, TX US","  57.6","24","  49.9","24","1020.9","24","017.1","24"," 10.0","24","  5.0","24"," 12.0","999.9","  72.0","*","  45.0","*"," 0.00","G","999.9","000000"
"72243012960","2018-11-18","29.98","-95.36","29.0","HOUSTON INTERCONTINENTAL AIRPORT, TX US","  59.1","24","  56.9","24","1020.9","23","017.1","24","  8.3","24","  6.4","24"," 12.0","999.9","  66.9","*","  51.8","*"," 0.00","G","999.9","010000"
"72243012960","2018-11-19","29.98","-95.36","29.0","HOUSTON INTERCONTINENTAL AIRPORT, TX US","  49.2","24","  48.6","24","1021.5","24","017.6","24","  7.0","24","  8.1","24"," 12.0","999.9","  51.1","*","  46.0","*"," 0.30","G","999.9","010000"
"72243012960","2018-11-20","29.98","-95.36","29.0","HOUSTON INTERCONTINENTAL AIRPORT, TX US","  52.0","24","  44.3","24","1024.7","22","020.3","24"," 10.0","24","  8.1","24"," 15.0"," 19.0","  63.0"," ","  43.0"," "," 0.01","G","999.9","000000"
"72243012960","2018-11-21","29.98","-95.36","29.0","HOUSTON INTERCONTINENTAL AIRPORT, TX US","  49.9","24","  44.1","24","1026.6","24","022.7","24"," 10.0","24","  3.7","24","  8.0","999.9","  61.0","*","  42.1","*"," 0.00","G","999.9","010000"
"72243012960","2018-11-22","29.98","-95.36","29.0","HOUSTON INTERCONTINENTAL AIRPORT, TX US","  55.3","24","  48.4","24","1025.2","24","021.3","24","  9.7","24","  4.0","24","  8.9","999.9","  66.0"," ","  48.9"," "," 0.18","G","999.9","010000"
"72243012960","2018-11-23","29.98","-95.36","29.0","HOUSTON INTERCONTINENTAL AIRPORT, TX US","  59.0","24","  55.0","24","1016.0","23","011.9","24","  9.7","24","  3.2","24","  9.9","999.9","  78.1"," ","  48.9"," "," 0.11","G","999.9","000000"
"72243012960","2018-11-24","29.98","-95.36","29.0","HOUSTON INTERCONTINENTAL AIRPORT, TX US","  61.3","24","  54.3","24","1010.5","22","006.8","24","  7.5","24","  2.9","24","  8.9","999.9","  78.1"," ","  46.9"," "," 0.01","G","999.9","100000"
"72243012960","2018-11-25","29.98","-95.36","29.0","HOUSTON INTERCONTINENTAL AIRPORT, TX US","  67.0","24","  59.9","24","1009.3","21","005.1","24","  9.1","24","  6.9","24"," 15.0"," 21.0","  78.1"," ","  46.9"," "," 0.00","G","999.9","000000"
"72243012960","2018-11-26","29.98","-95.36","29.0","HOUSTON INTERCONTINENTAL AIRPORT, TX US","  51.8","24","  33.4","24","1022.3","24","018.6","24"," 10.0","24"," 11.9","24"," 18.1"," 31.1","  75.9"," ","  42.1"," "," 0.00","G","999.9","000000"
"72243012960","2018-11-27","29.98","-95.36","29.0","HOUSTON INTERCONTINENTAL AIRPORT, TX US","  47.0","24","  32.5","24","1024.7","24","020.7","24"," 10.0","24","  2.5","24","  6.0","999.9","  63.0"," ","  35.1"," "," 0.00","G","999.9","000000"
"72243012960","2018-11-28","29.98","-95.36","29.0","HOUSTON INTERCONTINENTAL AIRPORT, TX US","  53.7","24","  46.6","24","1018.4","24","014.2","24"," 10.0","24","  4.2","24"," 12.0"," 18.1","  70.0"," ","  35.1"," "," 0.00","G","999.9","000000"
"72243012960","2018-11-29","29.98","-95.36","29.0","HOUSTON INTERCONTINENTAL AIRPORT, TX US","  69.0","24","  64.1","24","1013.3","21","009.4","24","  9.2","24","  6.6","24"," 12.0"," 21.0","  75.9","*","  66.0","*"," 0.00","G","999.9","010000"
"72243012960","2018-11-30","29.98","-95.36","29.0","HOUSTON INTERCONTINENTAL AIRPORT, TX US","  71.7","24","  69.4","24","1009.7","19","006.0","24","  7.8","24","  7.4","24"," 15.9","999.9","  81.0"," ","  66.9"," "," 0.16","G","999.9","010000"
"72243012960","2018-12-01","29.98","-95.36","29.0","HOUSTON INTERCONTINENTAL AIRPORT, TX US","  74.6","24","  59.2","24","1004.4","20","000.7","24","  9.2","24","  7.6","24"," 11.1"," 15.9","  81.0"," ","  64.9"," "," 0.01","G","999.9","010000"
"72243012960","2018-12-02","29.98","-95.36","29.0","HOUSTON INTERCONTINENTAL AIRPORT, TX US","  62.3","24","  46.0","24","1007.6","24","004.0","24"," 10.0","24","  3.7","24","  8.9","999.9","  80.1"," ","  48.9"," "," 0.00","G","999.9","000000"
"72243012960","2018-12-03","29.98","-95.36","29.0","HOUSTON INTERCONTINENTAL AIRPORT, TX US","  58.5","24","  42.9","24","1015.3","24","011.8","24"," 10.0","24","  8.2","24"," 14.0"," 20.0","  78.1"," ","  48.0"," "," 0.00","G","999.9","000000"
"72243012960","2018-12-04","29.98","-95.36","29.0","HOUSTON INTERCONTINENTAL AIRPORT, TX US","  51.5","24","  38.2","24","1024.8","24","020.9","24"," 10.0","24","  7.3","24","  9.9"," 18.1","  68.0"," ","  41.0"," "," 0.00","G","999.9","000000"
"72243012960","2018-12-05","29.98","-95.36","29.0","HOUSTON INTERCONTINENTAL AIRPORT, TX US","  48.2","24","  34.9","24","1028.9","24","024.9","24"," 10.0","24","  4.7","24","  8.0","999.9","  62.1"," ","  37.9"," "," 0.00","G","999.9","000000"
"72243012960","2018-12-06","29.98","-95.36","29.0","HOUSTON INTERCONTINENTAL AIRPORT, TX US","  51.7","24","  46.7","24","1025.0","24","020.9","24","  9.4","24","  5.2","24","  9.9","999.9","  61.0"," ","  37.9"," "," 0.00","G","999.9","010000"
"72243012960","2018-12-07","29.98","-95.36","29.0","HOUSTON INTERCONTINENTAL AIRPORT, TX US","  65.2","24","  63.6","24","1021.7","23","017.5","24","  9.0","24","  6.5","24"," 12.0","999.9","  75.0","*","  59.0","*"," 0.03","G","999.9","010000"
"72243012960","2018-12-08","29.98","-95.36","29.0","HOUSTON INTERCONTINENTAL AIRPORT, TX US","  51.1","24","  50.3","24","1017.3","20","013.0","24","  6.9","24"," 10.4","24"," 18.1"," 22.0","  75.0"," ","  46.9"," "," 4.61","G","999.9","010010"
"72243012960","2018-12-09","29.98","-95.36","29.0","HOUSTON INTERCONTINENTAL AIRPORT, TX US","  45.3","24","  41.9","24","1024.1","22","020.0","24","  9.7","24","  9.7","24"," 14.0"," 20.0","  55.0"," ","  43.0"," "," 0.09","G","999.9","010000"
"72243012960","2018-12-10","29.98","-95.36","29.0","HOUSTON INTERCONTINENTAL AIRPORT, TX US","  47.1","24","  37.9","24","1028.0","24","024.1","24","  9.7","24","  5.0","24","  7.0","999.9","  60.1"," ","  39.0"," "," 0.00","G","999.9","000000"
"72243012960","2018-12-11","29.98","-95.36","29.0","HOUSTON INTERCONTINENTAL AIRPORT, TX US","  46.7","24","  37.8","24","1029.1","24","025.0","24"," 10.0","24","  2.9","24"," 11.1","999.9","  63.0"," ","  34.0"," "," 0.00","G","999.9","100000"
"72243012960","2018-12-12","29.98","-95.36","29.0","HOUSTON INTERCONTINENTAL AIRPORT, TX US","  58.0","24","  52.1","24","1020.1","24","015.8","24"," 10.0","24","  6.6","24"," 14.0"," 19.0","  69.1"," ","  35.1"," "," 0.00","G","999.9","000000"
"72243012960","2018-12-13","29.98","-95.36","29.0","HOUSTON INTERCONTINENTAL AIRPORT, TX US","  67.8","24","  61.2","24","1008.9","22","004.9","24","  9.2","24","  8.1","24"," 14.0"," 20.0","  73.0","*","  64.0","*"," 0.68","G","999.9","010010"
"72243012960","2018-12-14","29.98","-95.36","29.0","HOUSTON INTERCONTINENTAL AIRPORT, TX US","  50.3","24","  43.0","24","1011.7","24","007.9","24","  9.2","24"," 11.0","24"," 15.9"," 26.0","  75.0"," ","  45.0"," "," 0.01","G","999.9","010000"
"72243012960","2018-12-15","29.98","-95.36","29.0","HOUSTON INTERCONTINENTAL AIRPORT, TX US","  53.0","24","  41.4","24","1019.6","24","015.8","24"," 10.0","24","  9.0","24"," 13.0"," 21.0","  64.9"," ","  45.0"," "," 0.00","G","999.9","000000"
"72243012960","2018-12-16","29.98","-95.36","29.0","HOUSTON INTERCONTINENTAL AIRPORT, TX US","  52.3","24","  40.9","24","1024.6","24","020.7","24"," 10.0","24","  2.6","24","  7.0","999.9","  66.9"," ","  39.0"," "," 0.00","G","999.9","000000"
"72243012960","2018-12-17","29.98","-95.36","29.0","HOUSTON INTERCONTINENTAL AIRPORT, TX US","  57.2","24","  50.0","24","1024.4","24","020.4","24","  9.8","24","  1.9","24","  5.1","999.9","  71.1"," ","  39.0"," "," 0.00","G","999.9","000000"
"72243012960","2018-12-18","29.98","-95.36","29.0","HOUSTON INTERCONTINENTAL AIRPORT, TX US","  53.5","24","  51.7","24","1020.7","15","016.2","24","  3.8","24","  3.1","24","  8.0","999.9","  71.1"," ","  45.0"," "," 0.00","G","999.9","100000"
"72243012960","2018-12-19","29.98","-95.36","29.0","HOUSTON INTERCONTINENTAL AIRPORT, TX US","  56.4","24","  55.0","24","1012.6","17","008.5","24","  5.7","24","  5.6","24","  8.9","999.9","  62.1"," ","  45.0"," "," 0.08","G","999.9","010000"
"72243012960","2018-12-20","29.98","-95.36","29.0","HOUSTON INTERCONTINENTAL AIRPORT, TX US","  56.0","24","  47.7","24","1010.4","22","006.5","24"," 10.0","24","  9.0","24"," 22.9"," 34.0","  64.0"," ","  48.9"," "," 0.07","G","999.9","110000"
"72243012960","2018-12-21","29.98","-95.36","29.0","HOUSTON INTERCONTINENTAL AIRPORT, TX US","  54.5","24","  31.4","24","1015.8","24","012.0","24"," 10.0","24","  8.7","24"," 12.0"," 17.1","  64.0"," ","  43.0"," "," 0.06","G","999.9","000000"
"72243012960","2018-12-22","29.98","-95.36","29.0","HOUSTON INTERCONTINENTAL AIRPORT, TX US","  57.4","24","  45.6","24","1015.3","24","011.3","24"," 10.0","24","  6.3","24"," 14.0"," 25.1","  75.9"," ","  41.0"," "," 0.00","G","999.9","000000"
"72243012960","2018-12-23","29.98","-95.36","29.0","HOUSTON INTERCONTINENTAL AIRPORT, TX US","  63.9","24","  53.0","24","1020.6","21","016.8","24","  8.4","24","  7.8","24"," 13.0"," 21.0","  75.9"," ","  41.0"," "," 0.00","G","999.9","100000"
"72243012960","2018-12-24","29.98","-95.36","29.0","HOUSTON INTERCONTINENTAL AIRPORT, TX US","  54.4","24","  44.6","24","1024.8","23","020.6","24"," 10.0","24","  5.8","24"," 11.1"," 15.0","  70.0"," ","  46.0"," "," 0.00","G","999.9","000000"
"72243012960","2018-12-25","29.98","-95.36","29.0","HOUSTON INTERCONTINENTAL AIRPORT, TX US","  63.1","24","  60.9","24","1019.5","21","015.7","24","  4.6","24","  6.1","24"," 14.0","999.9","  71.1"," ","  46.0"," "," 0.00","G","999.9","100000"
"72243012960","2018-12-26","29.98","-95.36","29.0","HOUSTON INTERCONTINENTAL AIRPORT, TX US","  64.8","24","  62.9","24","1017.6","20","012.2","24","  8.7","24"," 11.6","24"," 26.0"," 39.0","  71.1"," ","  60.1"," "," 0.00","G","999.9","010010"
"72243012960","2018-12-27","29.98","-95.36","29.0","HOUSTON INTERCONTINENTAL AIRPORT, TX US","  66.1","24","  61.0","24","1008.1","19","004.1","24","  7.7","24"," 11.0","24"," 22.9"," 36.9","  73.4","*","  55.0","*"," 1.30","G","999.9","010010"
"72243012960","2018-12-28","29.98","-95.36","29.0","HOUSTON INTERCONTINENTAL AIRPORT, TX US","  53.9","24","  44.5","24","1014.9","24","011.3","24"," 10.0","24","  7.0","24"," 12.0"," 17.1","  73.0"," ","  44.1"," "," 0.40","G","999.9","000000"
"72243012960","2018-12-29","29.98","-95.36","29.0","HOUSTON INTERCONTINENTAL AIRPORT, TX US","  51.6","24","  41.7","24","1020.8","24","017.0","24"," 10.0","24","  9.4","24"," 13.0"," 17.1","  62.1"," ","  46.0"," "," 0.00","G","999.9","000000"
"72243012960","2018-12-30","29.98","-95.36","29.0","HOUSTON INTERCONTINENTAL AIRPORT, TX US","  47.3","24","  43.6","24","1019.5","20","014.9","24","  7.9","24","  7.6","24"," 12.0"," 15.9","  53.1"," ","  45.0"," "," 0.00","G","999.9","010000"
"72243012960","2018-12-31","29.98","-95.36","29.0","HOUSTON INTERCONTINENTAL AIRPORT, TX US","  50.3","24","  48.3","24","1012.7","23","008.8","24","  6.0","24","  4.5","24"," 14.0"," 24.1","  59.0"," ","  46.0"," "," 0.32","G","999.9","110000"
